City_ID,City,Country,Date,Lat,Lng,Max Temp,Humidity,Cloudiness,Wind Speed
0,Nikolskoye,RU,2021-11-23 17:12:25,59.7035,30.7861,32.88,83,33,5.41
1,Aranda De Duero,ES,2021-11-23 17:12:26,41.6704,-3.6892,37.18,98,100,3.65
2,Bollnas,SE,2021-11-23 17:12:26,61.3482,16.3946,36.39,68,100,10.89
3,Port Hardy,CA,2021-11-23 17:12:26,50.6996,-127.4199,41.65,85,87,5.59
4,Barrow,US,2021-11-23 17:12:27,71.2906,-156.7887,1.42,71,90,5.75
5,Pryazha,RU,2021-11-23 17:12:27,61.6926,33.6216,17.82,99,89,2.8
6,Upernavik,GL,2021-11-23 17:12:28,72.7868,-56.1549,0.39,71,16,6.89
7,Saskylakh,RU,2021-11-23 17:12:28,71.9167,114.0833,-26.45,97,11,10.54
8,Saint George,US,2021-11-23 17:12:28,37.1041,-113.5841,60.35,39,1,0.0
9,Hobart,AU,2021-11-23 17:08:16,-42.8794,147.3294,60.66,84,100,5.75
10,Bredasdorp,ZA,2021-11-23 17:12:29,-34.5322,20.0403,66.27,62,67,9.82
11,Padang,ID,2021-11-23 17:12:29,-0.9492,100.3543,77.95,80,100,4.45
12,Rikitea,PF,2021-11-23 17:12:30,-23.1203,-134.9692,76.01,81,2,14.07
13,Komsomolskiy,UZ,2021-11-23 17:12:30,40.4272,71.7189,45.52,33,79,1.63
14,Talcahuano,CL,2021-11-23 17:12:31,-36.7167,-73.1167,62.28,67,0,17.27
15,Victoria,HK,2021-11-23 17:08:18,22.2855,114.1577,64.38,60,51,1.01
16,Upata,VE,2021-11-23 17:12:31,8.0086,-62.3989,86.31,53,59,5.19
17,Chuy,UY,2021-11-23 17:12:32,-33.6971,-53.4616,68.22,43,0,12.88
18,Kapaa,US,2021-11-23 17:12:32,22.0752,-159.319,77.32,83,90,11.5
19,Hermanus,ZA,2021-11-23 17:12:32,-34.4187,19.2345,69.91,69,60,13.87
20,Albany,US,2021-11-23 17:11:08,42.6001,-73.9662,37.45,50,4,5.99
21,Saint-Philippe,RE,2021-11-23 17:12:33,-21.3585,55.7679,76.59,77,62,6.22
22,Kahului,US,2021-11-23 17:12:33,20.8947,-156.47,76.84,82,20,5.75
23,Yellowknife,CA,2021-11-23 17:12:34,62.456,-114.3525,-15.59,95,92,1.99
24,Pisco,PE,2021-11-23 17:12:35,-13.7,-76.2167,69.85,73,0,9.22
25,Ust-Nera,RU,2021-11-23 17:12:36,64.5667,143.2,-19.12,95,100,0.92
26,Longyan,CN,2021-11-23 17:08:28,25.1072,117.0225,46.9,88,33,3.31
27,Hithadhoo,MV,2021-11-23 17:12:36,-0.6,73.0833,82.27,75,100,17.4
28,Tazovskiy,RU,2021-11-23 17:12:37,67.4667,78.7,16.23,93,100,13.06
29,Port Elizabeth,ZA,2021-11-23 17:12:37,-33.918,25.5701,63.1,67,55,14.58
30,Ponta Do Sol,PT,2021-11-23 17:12:37,32.6667,-17.1,72.12,74,96,1.66
31,Pangnirtung,CA,2021-11-23 17:12:38,66.1451,-65.7125,24.33,66,100,28.19
32,Mehamn,NO,2021-11-23 17:12:38,71.0357,27.8492,24.98,84,100,17.9
33,Mokhotlong,LS,2021-11-23 17:12:39,-29.2894,29.0675,53.71,73,91,10.02
34,Machachi,EC,2021-11-23 17:12:39,-0.5,-78.5667,62.1,91,99,2.59
35,Kavieng,PG,2021-11-23 17:12:40,-2.5744,150.7967,82.53,78,99,16.06
36,Hilo,US,2021-11-23 17:11:12,19.7297,-155.09,69.62,79,40,8.05
37,Fazilka,IN,2021-11-23 17:12:40,30.4,74.0333,67.37,14,0,4.09
38,Carnarvon,AU,2021-11-23 17:12:41,-24.8667,113.6333,69.87,83,0,13.8
39,Sabinas,MX,2021-11-23 17:10:05,27.85,-101.1167,66.85,32,58,10.6
40,Mandera,KE,2021-11-23 17:12:41,3.9366,41.867,88.92,34,83,6.78
41,Wanning,CN,2021-11-23 17:12:42,18.8003,110.3967,67.26,82,98,13.67
42,Faya,SA,2021-11-23 17:12:42,18.3851,42.4509,59.52,44,24,4.99
43,Porto Novo,BJ,2021-11-23 17:12:42,6.4965,2.6036,82.65,75,99,8.16
44,Noyabrsk,RU,2021-11-23 17:12:43,63.1994,75.4507,9.37,94,100,11.86
45,Bethanien,NA,2021-11-23 17:12:43,-26.502,17.1583,84.29,11,35,8.57
46,New Norfolk,AU,2021-11-23 17:13:44,-42.7826,147.0587,60.3,71,100,3.18
47,Bluff,NZ,2021-11-23 17:13:44,-46.6,168.3333,52.14,80,60,12.21
48,Surskoye,RU,2021-11-23 17:13:44,54.4821,46.7214,5.99,98,49,4.54
49,Aasiaat,GL,2021-11-23 17:13:45,68.7098,-52.8699,1.8,79,71,19.55
50,Sault Sainte Marie,CA,2021-11-23 17:09:06,46.5168,-84.3333,33.89,69,1,0.0
51,Souillac,MU,2021-11-23 17:13:45,-20.5167,57.5167,74.35,74,63,7.45
52,Rio Grande,BR,2021-11-23 17:10:46,-32.035,-52.0986,77.11,52,1,14.43
53,Port Alfred,ZA,2021-11-23 17:13:46,-33.5906,26.891,62.71,67,61,19.86
54,Tasiilaq,GL,2021-11-23 17:12:36,65.6145,-37.6368,24.96,61,75,7.27
55,Izhma,RU,2021-11-23 17:13:47,65.0083,53.9113,8.56,97,94,5.37
56,Hervey Bay,AU,2021-11-23 17:13:47,-25.2986,152.8535,73.04,92,76,3.0
57,Auki,SB,2021-11-23 17:13:47,-8.7676,160.7034,76.73,87,71,4.47
58,Vyazemskiy,RU,2021-11-23 17:13:48,47.5378,134.7525,15.39,90,100,14.88
59,Tuktoyaktuk,CA,2021-11-23 17:13:48,69.4541,-133.0374,-8.09,98,95,4.79
60,Tarata,BO,2021-11-23 17:13:48,-17.6167,-66.0167,70.86,40,100,8.34
61,Vieste,IT,2021-11-23 17:13:49,41.8825,16.175,56.32,81,93,11.23
62,Avarua,CK,2021-11-23 17:13:49,-21.2078,-159.775,68.05,83,100,1.14
63,Qaanaaq,GL,2021-11-23 17:13:50,77.484,-69.3632,-5.94,72,95,9.37
64,Mataura,NZ,2021-11-23 17:13:50,-46.1927,168.8643,45.81,94,88,2.44
65,Airai,TL,2021-11-23 17:13:50,-8.9266,125.4092,61.72,88,53,0.63
66,Norman Wells,CA,2021-11-23 17:13:51,65.282,-126.8329,-11.79,95,100,5.06
67,Kavaratti,IN,2021-11-23 17:13:51,10.5669,72.642,81.99,76,38,12.57
68,Coachella,US,2021-11-23 17:13:52,33.6803,-116.1739,79.34,23,100,1.74
69,Acapulco,MX,2021-11-23 17:10:48,16.8634,-99.8901,82.22,78,40,4.61
70,Raudeberg,NO,2021-11-23 17:13:52,61.9875,5.1352,47.19,96,100,8.01
71,Ancud,CL,2021-11-23 17:13:53,-41.8697,-73.8203,68.43,79,65,9.15
72,East London,ZA,2021-11-23 17:13:53,-33.0153,27.9116,63.54,67,0,21.85
73,Agirish,RU,2021-11-23 17:13:53,61.9247,63.0231,7.97,90,100,8.05
74,Mount Isa,AU,2021-11-23 17:13:54,-20.7333,139.5,80.37,29,90,4.61
75,Ushuaia,AR,2021-11-23 17:12:16,-54.8,-68.3,44.26,61,90,5.75
76,Saint-Augustin,CA,2021-11-23 17:13:54,51.226,-58.6502,41.74,93,100,24.16
77,Avera,US,2021-11-23 17:13:55,33.194,-82.5271,52.48,27,0,8.16
78,Namatanai,PG,2021-11-23 17:13:55,-3.6667,152.4333,79.27,84,56,8.05
79,Buinsk,RU,2021-11-23 17:13:56,54.95,48.2833,11.82,93,7,9.8
80,Punta Arenas,CL,2021-11-23 17:12:29,-53.15,-70.9167,53.71,62,40,25.32
81,Sarankhola,BD,2021-11-23 17:13:56,22.3082,89.7897,70.74,73,2,1.77
82,Vaini,TO,2021-11-23 17:13:56,-21.2,-175.2,69.96,100,40,0.0
83,Talnakh,RU,2021-11-23 17:13:57,69.4865,88.3972,9.43,90,98,11.95
84,Korcula,HR,2021-11-23 17:13:57,42.9622,17.1369,48.56,64,99,17.45
85,Okha,RU,2021-11-23 17:13:58,53.5739,142.9478,33.93,97,100,35.21
86,Sitka,US,2021-11-23 17:13:58,57.0531,-135.33,33.69,100,90,3.44
87,Adrar,MR,2021-11-23 17:13:58,20.5022,-10.0711,89.13,21,85,4.18
88,Broken Hill,AU,2021-11-23 17:13:59,-31.95,141.4333,71.64,60,100,7.02
89,Krasnoye,UA,2021-11-23 17:13:59,49.9145,24.6134,38.19,84,92,14.38
90,Nyurba,RU,2021-11-23 17:14:00,63.2842,118.3319,-25.55,99,7,3.36
91,Cherskiy,RU,2021-11-23 17:14:00,68.75,161.3,-33.74,99,37,4.79
92,Busselton,AU,2021-11-23 17:15:01,-33.65,115.3333,54.09,80,0,10.13
93,Ulaangom,MN,2021-11-23 17:15:01,49.9811,92.0667,11.21,88,99,3.2
94,Kaitangata,NZ,2021-11-23 17:15:01,-46.2817,169.8464,45.1,95,54,5.88
95,Kalachinsk,RU,2021-11-23 17:15:02,55.0529,74.5751,21.04,90,100,16.91
96,Quatre Cocos,MU,2021-11-23 17:15:02,-20.2078,57.7625,77.11,73,47,7.2
97,Nouadhibou,MR,2021-11-23 17:15:03,20.931,-17.0347,85.98,45,92,10.36
98,Moron,AR,2021-11-23 17:11:35,-34.6534,-58.6198,83.01,23,0,7.0
99,Marsa Matruh,EG,2021-11-23 17:15:04,31.3525,27.2453,66.97,48,98,6.91
100,Solnechnyy,RU,2021-11-23 17:15:04,50.7214,136.6319,12.81,96,100,6.17
101,Lima,PE,2021-11-23 17:12:26,-12.0432,-77.0282,70.05,64,40,11.5
102,Vostok,RU,2021-11-23 17:15:04,46.4856,135.8833,7.65,92,100,10.38
103,Ibb,YE,2021-11-23 17:12:43,13.9667,44.1833,62.53,65,62,1.63
104,Cape Town,ZA,2021-11-23 17:12:44,-33.9258,18.4232,70.12,61,62,21.09
105,Flinders,AU,2021-11-23 17:15:05,-34.5833,150.8552,66.2,89,100,1.01
106,Sioux Lookout,CA,2021-11-23 17:15:06,50.1001,-91.917,28.47,64,75,14.97
107,Sao Jose Da Coroa Grande,BR,2021-11-23 17:15:06,-8.8978,-35.1478,85.75,58,65,11.7
108,Jamestown,US,2021-11-23 17:12:46,42.097,-79.2353,35.19,92,90,5.99
109,Lebu,CL,2021-11-23 17:15:06,-37.6167,-73.65,61.03,68,0,19.13
110,Gamba,GA,2021-11-23 17:15:07,-2.65,10.0,75.87,83,100,2.8
111,Haines Junction,CA,2021-11-23 17:15:07,60.7522,-137.5108,-7.65,84,100,1.14
112,Atuona,PF,2021-11-23 17:15:08,-9.8,-139.0333,76.95,81,78,13.04
113,Maku,IR,2021-11-23 17:15:08,39.2911,44.4521,43.68,59,0,4.81
114,Arraial Do Cabo,BR,2021-11-23 17:14:43,-22.9661,-42.0278,78.66,65,0,13.8
115,Lasa,IT,2021-11-23 17:15:09,46.6166,10.7002,41.88,87,12,2.37
116,Severo-Kurilsk,RU,2021-11-23 17:15:09,50.6789,156.125,37.27,96,100,26.73
117,Beira,MZ,2021-11-23 17:15:10,-19.8436,34.8389,81.27,80,97,10.83
118,Havoysund,NO,2021-11-23 17:15:10,70.9963,24.6622,25.03,86,94,5.64
119,Eidfjord,NO,2021-11-23 17:15:11,60.4675,7.0719,46.51,99,100,8.1
120,Yantongshan,CN,2021-11-23 17:15:11,43.2919,126.0094,11.25,88,72,11.61
121,Payo,ID,2021-11-23 17:15:11,-3.7508,103.6372,73.81,96,100,1.32
122,Khatanga,RU,2021-11-23 17:15:12,71.9667,102.5,0.7,80,100,18.72
123,San Quintin,MX,2021-11-23 17:15:12,30.4833,-115.95,68.45,59,94,7.36
124,Nanortalik,GL,2021-11-23 17:15:13,60.1432,-45.2371,27.88,48,78,1.77
125,Paharpur,PK,2021-11-23 17:15:13,32.1038,70.9724,66.18,15,1,2.35
126,Meulaboh,ID,2021-11-23 17:15:14,4.1363,96.1285,76.12,87,100,7.07
127,Cabo San Lucas,MX,2021-11-23 17:15:14,22.8909,-109.9124,82.51,65,1,5.01
128,Khorixas,NA,2021-11-23 17:15:14,-20.3667,14.9667,79.95,21,0,21.88
129,Touros,BR,2021-11-23 17:15:15,-5.1989,-35.4608,86.9,62,56,15.28
130,Castro,BR,2021-11-23 17:15:07,-24.7911,-50.0119,84.38,35,10,5.66
131,Constitucion,CL,2021-11-23 17:15:16,-35.3333,-72.4167,65.64,69,13,11.63
132,Ribeira Grande,PT,2021-11-23 17:15:16,38.5167,-28.7,68.4,94,20,13.8
133,Dikson,RU,2021-11-23 17:15:16,73.5069,80.5464,-1.64,97,100,15.77
134,Yar-Sale,RU,2021-11-23 17:15:17,66.8333,70.8333,12.27,96,100,6.82
135,Ulladulla,AU,2021-11-23 17:15:17,-35.35,150.4667,64.76,93,100,3.6
136,Dogbo,BJ,2021-11-23 17:15:18,6.8167,1.7833,83.71,70,50,9.78
137,Luanda,AO,2021-11-23 17:16:18,-8.8368,13.2343,79.39,80,61,13.29
138,Albury,AU,2021-11-23 17:11:47,-36.0833,146.9167,64.11,97,90,4.61
139,Kanye,BW,2021-11-23 17:16:19,-24.9667,25.3327,72.9,21,0,7.07
140,Iranshahr,IR,2021-11-23 17:16:19,27.2025,60.6848,68.34,26,0,6.91
141,Petropavlovsk-Kamchatskiy,RU,2021-11-23 17:16:20,53.0452,158.6483,25.39,80,75,2.24
142,Tukrah,LY,2021-11-23 17:16:20,32.5341,20.5791,69.67,49,8,13.33
143,Birzai,LT,2021-11-23 17:16:20,56.2,24.75,32.14,89,92,6.55
144,Ayan,RU,2021-11-23 17:16:21,56.45,138.1667,24.94,83,100,38.99
145,Butaritari,KI,2021-11-23 17:14:03,3.0707,172.7902,81.82,76,52,16.93
146,Longyearbyen,SJ,2021-11-23 17:15:32,78.2186,15.6401,4.84,78,20,11.5
147,Son La,VN,2021-11-23 17:16:22,21.3167,103.9,52.9,90,87,3.09
148,Maamba,ZM,2021-11-23 17:16:22,-17.3667,27.15,74.7,74,80,5.44
149,Riyadh,SA,2021-11-23 17:15:42,24.6877,46.7219,69.94,49,17,16.11
150,Kodiak,US,2021-11-23 17:15:06,57.79,-152.4072,9.91,56,1,5.75
151,Nouakchott,MR,2021-11-23 17:16:23,18.0858,-15.9785,102.13,33,13,5.99
152,Tautira,PF,2021-11-23 17:16:23,-17.7333,-149.15,82.42,75,72,1.61
153,Nabire,ID,2021-11-23 17:16:23,-3.3667,135.4833,76.21,93,100,2.95
154,Tolosa,FR,2021-11-23 17:16:24,43.6043,1.4437,54.41,82,75,3.44
155,Thompson,CA,2021-11-23 17:16:24,55.7435,-97.8558,1.56,78,90,5.75
156,Rocha,UY,2021-11-23 17:16:25,-34.4833,-54.3333,68.02,40,0,12.06
157,Tiksi,RU,2021-11-23 17:15:33,71.6872,128.8694,-21.42,98,85,6.85
158,Warrington,GB,2021-11-23 17:15:55,53.3925,-2.5802,48.87,90,90,1.99
159,Katsuura,JP,2021-11-23 17:16:25,35.1333,140.3,54.19,62,2,29.86
160,Faanui,PF,2021-11-23 17:16:26,-16.4833,-151.75,80.06,72,100,3.71
161,Baturite,BR,2021-11-23 17:16:26,-4.3286,-38.8847,98.51,28,29,7.94
162,Algiers,DZ,2021-11-23 17:15:06,36.7525,3.042,60.62,63,75,3.44
163,Mar Del Plata,AR,2021-11-23 17:16:27,-38.0023,-57.5575,62.62,76,0,18.01
164,Emerald,AU,2021-11-23 17:16:27,-23.5333,148.1667,71.98,61,97,10.31
165,Sao Borja,BR,2021-11-23 17:16:28,-28.6606,-56.0044,92.95,29,100,9.71
166,Whitehorse,CA,2021-11-23 17:16:28,60.7161,-135.0538,7.57,84,75,10.0
167,Formosa Do Rio Preto,BR,2021-11-23 17:16:28,-11.0483,-45.1931,91.4,42,97,3.15
168,Mwene-Ditu,CD,2021-11-23 17:16:29,-7.0,23.45,72.34,80,72,4.09
169,Black River,JM,2021-11-23 17:16:29,18.0264,-77.8487,84.2,55,79,4.65
170,Boende,CD,2021-11-23 17:16:30,-0.2167,20.8667,78.01,74,64,3.56
171,Itaqui,BR,2021-11-23 17:16:30,-29.1253,-56.5531,92.12,22,100,13.09
172,The Valley,AI,2021-11-23 17:16:31,18.217,-63.0578,84.81,70,20,10.36
173,Santiago Del Estero,AR,2021-11-23 17:16:31,-27.7951,-64.2615,79.97,56,96,2.17
174,Port Shepstone,ZA,2021-11-23 17:16:31,-30.7414,30.455,67.06,69,78,25.19
175,Bois-Guillaume,FR,2021-11-23 17:16:32,49.4602,1.1222,44.91,80,20,3.0
176,Griffin,US,2021-11-23 17:16:32,33.2468,-84.2641,53.15,30,1,3.44
177,Bayji,IQ,2021-11-23 17:16:33,34.9311,43.487,63.93,43,0,7.58
178,Valparaiso,CL,2021-11-23 17:15:19,-33.0393,-71.6273,61.72,89,90,13.8
179,Chokurdakh,RU,2021-11-23 17:16:06,70.6333,147.9167,-25.06,100,74,6.24
180,Dunedin,NZ,2021-11-23 17:16:33,-45.8742,170.5036,47.16,90,15,6.53
181,Bambous Virieux,MU,2021-11-23 17:12:42,-20.3428,57.7575,74.21,73,47,7.14
182,Alofi,NU,2021-11-23 17:16:34,-19.0595,-169.9187,66.09,100,80,0.0
183,Tupik,RU,2021-11-23 17:17:34,54.4253,119.9327,-2.34,84,90,3.31
184,Lorengau,PG,2021-11-23 17:17:35,-2.0226,147.2712,81.84,79,99,10.47
185,Leningradskiy,RU,2021-11-23 17:17:35,69.3833,178.4167,-13.38,83,76,4.92
186,Honiara,SB,2021-11-23 17:17:35,-9.4333,159.95,77.54,86,33,6.15
187,Georgetown,MY,2021-11-23 17:14:51,5.4112,100.3354,78.73,91,20,5.75
188,Lerwick,GB,2021-11-23 17:17:36,60.1545,-1.1494,50.0,84,100,23.49
189,Isangel,VU,2021-11-23 17:17:36,-19.55,169.2667,77.09,87,100,7.0
190,Koani,TZ,2021-11-23 17:17:37,-6.1333,39.2833,79.2,80,86,8.93
191,Saldanha,ZA,2021-11-23 17:17:37,-33.0117,17.9442,63.68,74,64,28.99
192,Porto Seguro,BR,2021-11-23 17:17:38,-16.4497,-39.0647,79.32,78,75,10.36
193,Bandarbeyla,SO,2021-11-23 17:16:24,9.4942,50.8122,80.28,72,100,17.31
194,Puerto Ayora,EC,2021-11-23 17:14:23,-0.7393,-90.3518,76.96,71,15,9.35
195,Hobyo,SO,2021-11-23 17:17:38,5.3505,48.5268,81.12,70,43,10.58
196,Samarai,PG,2021-11-23 17:17:39,-10.6167,150.6667,83.01,78,22,10.98
197,Krasnyy Chikoy,RU,2021-11-23 17:17:39,50.3643,108.7512,9.64,95,100,2.15
198,Barsovo,RU,2021-11-23 17:17:39,61.1667,73.1667,10.53,95,100,7.63
199,Trairi,BR,2021-11-23 17:14:28,-3.2778,-39.2689,87.94,61,16,16.04
200,Staryy Nadym,RU,2021-11-23 17:17:40,65.6118,72.6842,11.61,96,100,6.58
201,Tabou,CI,2021-11-23 17:17:40,4.423,-7.3528,82.31,76,37,7.52
202,Bell Ville,AR,2021-11-23 17:17:41,-32.6259,-62.6887,85.66,16,57,9.55
203,Grindavik,IS,2021-11-23 17:17:41,63.8424,-22.4338,34.27,80,75,5.75
204,Drawsko Pomorskie,PL,2021-11-23 17:17:42,53.5306,15.8097,43.7,95,100,8.79
205,Ust-Ishim,RU,2021-11-23 17:17:42,57.6935,71.1665,22.64,90,100,11.3
206,Anito,PH,2021-11-23 17:17:42,12.4497,125.2886,79.03,85,89,8.3
207,Chimore,BO,2021-11-23 17:17:43,-16.9833,-65.1333,85.06,77,99,2.53
208,Caravelas,BR,2021-11-23 17:17:43,-17.7125,-39.2481,78.15,70,85,6.38
209,Mackenzie,CA,2021-11-23 17:17:44,55.2999,-123.1698,25.02,74,90,4.61
210,Songadh,IN,2021-11-23 17:17:44,21.1667,73.5667,79.23,61,7,1.63
211,San Patricio,US,2021-11-23 17:16:14,28.017,-97.5169,73.49,46,63,6.96
212,Guerrero Negro,MX,2021-11-23 17:17:44,27.9769,-114.0611,70.25,53,68,0.09
213,Redlands,US,2021-11-23 17:15:43,34.0556,-117.1825,72.93,25,20,0.0
214,Olafsvik,IS,2021-11-23 17:15:28,64.8945,-23.7142,34.93,88,100,21.92
215,Sokoni,TZ,2021-11-23 17:17:45,-6.4333,39.55,81.1,81,91,14.34
216,Wanxian,CN,2021-11-23 17:17:46,30.8039,108.3897,51.08,76,77,2.1
217,Bilgoraj,PL,2021-11-23 17:17:46,50.5411,22.722,37.45,94,100,9.15
218,Odweyne,SO,2021-11-23 17:17:47,9.4092,45.064,67.39,52,44,8.93
219,Inhambane,MZ,2021-11-23 17:17:47,-23.865,35.3833,76.91,88,82,10.47
220,Rawson,AR,2021-11-23 17:17:48,-43.3002,-65.1023,80.26,29,93,30.85
221,Miraflores,MX,2021-11-23 17:16:23,19.2167,-98.8083,66.96,59,74,1.39
222,Altay,CN,2021-11-23 17:17:48,47.8667,88.1167,28.22,94,100,5.93
223,Camopi,GF,2021-11-23 17:17:49,3.1655,-52.3158,94.75,36,73,3.24
224,Hay River,CA,2021-11-23 17:15:03,60.8156,-115.7999,-4.02,54,75,9.22
225,Comodoro Rivadavia,AR,2021-11-23 17:15:01,-45.8667,-67.5,82.26,21,0,31.07
226,Muravlenko,RU,2021-11-23 17:17:49,63.7898,74.523,10.04,94,100,12.73
227,Mauriti,BR,2021-11-23 17:17:50,-7.3892,-38.7744,97.11,22,95,4.79
228,Narsaq,GL,2021-11-23 17:17:50,60.9167,-46.05,21.42,64,89,5.68
229,Coquimbo,CL,2021-11-23 17:18:51,-29.9533,-71.3436,62.33,72,90,12.66
230,Gorontalo,ID,2021-11-23 17:18:51,0.5412,123.0595,75.15,94,100,3.27
231,Klaksvik,FO,2021-11-23 17:18:51,62.2266,-6.589,47.32,84,99,27.63
232,Laguna,US,2021-11-23 17:18:52,38.421,-121.4238,63.09,89,90,6.91
233,Dubti,ET,2021-11-23 17:18:52,11.7361,41.0853,88.84,27,30,10.65
234,Dzerzhinsk,RU,2021-11-23 17:18:53,56.2389,43.4631,13.82,92,0,4.47
235,Belaya Gora,RU,2021-11-23 17:18:53,68.5333,146.4167,-24.84,100,100,3.27
236,Iqaluit,CA,2021-11-23 17:18:53,63.7506,-68.5145,31.73,93,90,23.0
237,Road Town,VG,2021-11-23 17:18:54,18.4167,-64.6167,86.04,66,20,10.36
238,Taltal,CL,2021-11-23 17:18:54,-25.4,-70.4833,65.71,70,66,7.9
239,Sao Filipe,CV,2021-11-23 17:15:49,14.8961,-24.4956,81.12,65,57,5.57
240,Drumheller,CA,2021-11-23 17:18:00,51.4617,-112.7101,36.32,57,100,12.1
241,Mareeba,AU,2021-11-23 17:18:55,-17.0,145.4333,73.44,93,94,2.48
242,Minas,UY,2021-11-23 17:18:55,-34.3759,-55.2377,64.87,27,0,11.21
243,Mahebourg,MU,2021-11-23 17:18:56,-20.4081,57.7,77.29,73,40,4.61
244,Camacha,PT,2021-11-23 17:18:56,33.0833,-16.3333,66.96,77,20,10.36
245,Vao,NC,2021-11-23 17:18:56,-22.6667,167.4833,73.71,77,94,10.78
246,Cockburn Town,TC,2021-11-23 17:18:57,21.4612,-71.1419,81.43,73,57,11.83
247,Ginir,ET,2021-11-23 17:18:57,7.1333,40.7,61.74,43,75,9.42
248,Kingsville,US,2021-11-23 17:18:57,27.5159,-97.8561,73.49,50,20,1.99
249,Yueyang,CN,2021-11-23 17:18:58,29.3333,113.0919,46.62,36,7,4.29
250,Bereda,ES,2021-11-23 17:18:58,43.2686,-7.5406,49.01,98,100,8.03
251,Krasnoselkup,RU,2021-11-23 17:18:59,65.7,82.4667,19.89,94,100,15.19
252,Ishigaki,JP,2021-11-23 17:18:59,24.3448,124.1572,69.85,68,100,22.28
253,Vardo,NO,2021-11-23 17:19:00,70.3705,31.1107,23.2,80,40,0.0
254,Pimenta Bueno,BR,2021-11-23 17:19:00,-11.6725,-61.1936,88.65,59,92,4.9
255,Ferrol,ES,2021-11-23 17:19:01,43.4832,-8.2369,53.37,78,98,20.87
256,Vila,PT,2021-11-23 17:19:01,42.0304,-8.1588,45.34,74,49,6.98
257,Newport,GB,2021-11-23 17:15:04,51.5877,-2.9984,48.45,87,51,3.06
258,Svetlogorsk,BY,2021-11-23 17:19:02,52.6333,29.7333,27.37,88,99,3.96
259,Kalmunai,LK,2021-11-23 17:17:44,7.4167,81.8167,77.36,91,100,6.87
260,Menongue,AO,2021-11-23 17:19:02,-14.6585,17.691,77.32,37,75,4.65
261,Kudat,MY,2021-11-23 17:19:03,6.8837,116.8477,78.73,94,20,0.0
262,Aswan,EG,2021-11-23 17:19:03,24.0934,32.907,70.83,27,0,11.03
263,Acarau,BR,2021-11-23 17:19:04,-2.8856,-40.12,88.21,60,18,19.82
264,Zilair,RU,2021-11-23 17:19:04,52.2332,57.4392,12.6,99,100,7.27
265,Goderich,CA,2021-11-23 17:17:56,43.7501,-81.7165,34.92,80,99,3.44
266,High Level,CA,2021-11-23 17:19:05,58.5169,-117.136,1.51,78,90,13.8
267,Tuatapere,NZ,2021-11-23 17:19:05,-46.1333,167.6833,46.09,94,88,2.57
268,Pevek,RU,2021-11-23 17:16:20,69.7008,170.3133,-19.59,99,57,2.91
269,Beringovskiy,RU,2021-11-23 17:16:09,63.05,179.3167,-7.83,88,20,9.33
270,Saint-Joseph,RE,2021-11-23 17:16:30,-21.3667,55.6167,75.58,78,56,5.37
271,Monte Santo De Minas,BR,2021-11-23 17:19:07,-21.1897,-46.9803,86.95,31,57,6.76
272,Kununurra,AU,2021-11-23 17:19:07,-15.7667,128.7333,80.58,89,40,1.14
273,Zhigansk,RU,2021-11-23 17:20:08,66.7697,123.3711,-36.6,100,97,3.78
274,Brae,GB,2021-11-23 17:16:32,60.3964,-1.353,49.91,84,100,23.42
275,Leh,IN,2021-11-23 17:20:08,34.1667,77.5833,18.7,49,60,3.18
276,Jaciara,BR,2021-11-23 17:20:09,-15.9653,-54.9683,88.05,59,100,5.14
277,Provideniya,RU,2021-11-23 17:20:09,64.3833,-173.3,9.66,66,4,9.22
278,Chapais,CA,2021-11-23 17:16:33,49.7834,-74.8492,19.18,86,100,9.64
279,Ilulissat,GL,2021-11-23 17:20:10,69.2167,-51.1,10.42,56,75,4.61
280,Tucurui,BR,2021-11-23 17:20:10,-3.7661,-49.6725,96.37,39,79,1.83
281,College,US,2021-11-23 17:20:11,64.8569,-147.8028,1.35,57,75,6.91
282,Tessalit,ML,2021-11-23 17:20:11,20.1986,1.0114,85.32,22,93,10.38
283,Torbay,CA,2021-11-23 17:20:11,47.6666,-52.7314,41.58,85,90,25.32
284,Puerto Carreno,CO,2021-11-23 17:20:04,6.189,-67.4859,94.17,44,37,2.13
285,Montefiascone,IT,2021-11-23 17:20:12,42.5393,12.0362,51.24,72,0,11.99
286,Jacareacanga,BR,2021-11-23 17:20:12,-6.2222,-57.7528,89.91,62,0,5.75
287,Sao Desiderio,BR,2021-11-23 17:20:13,-12.3633,-44.9733,81.99,61,100,5.39
288,Shimoda,JP,2021-11-23 17:20:13,34.6667,138.95,46.11,61,0,30.13
289,Henties Bay,NA,2021-11-23 17:16:22,-22.116,14.2845,58.86,85,8,8.93
290,Tezu,IN,2021-11-23 17:20:14,27.9167,96.1667,61.7,83,40,4.56
291,Murgab,TM,2021-11-23 17:20:14,37.4966,61.9714,51.67,62,11,0.0
292,Camana,PE,2021-11-23 17:20:15,-16.6228,-72.7111,70.18,75,41,8.03
293,Angoche,MZ,2021-11-23 17:20:15,-16.2325,39.9086,80.67,79,89,15.05
294,Clyde River,CA,2021-11-23 17:20:16,70.4692,-68.5914,19.63,93,40,23.02
295,Leshukonskoye,RU,2021-11-23 17:20:16,64.8989,45.7622,10.89,98,97,3.91
296,Aleksandrovsk-Sakhalinskiy,RU,2021-11-23 17:20:17,50.8975,142.1561,19.81,87,32,8.21
297,Hovd,MN,2021-11-23 17:20:17,48.0056,91.6419,27.03,50,95,8.88
298,Bahia Honda,CU,2021-11-23 17:20:17,22.9036,-83.1592,77.2,65,41,16.17
299,Havelock,US,2021-11-23 17:16:31,34.8791,-76.9013,46.38,45,0,5.99
300,Malindi,KE,2021-11-23 17:20:18,-3.2175,40.1191,80.28,84,81,10.36
301,Forssa,FI,2021-11-23 17:20:18,60.8146,23.6215,28.67,86,91,7.07
302,Tongchuan,CN,2021-11-23 17:20:19,35.0806,109.0897,38.91,37,0,5.46
303,Karratha,AU,2021-11-23 17:20:19,-20.7377,116.8463,80.92,52,99,11.45
304,Bardiyah,LY,2021-11-23 17:20:19,31.7561,25.0865,68.34,43,83,7.56
305,Gat,IL,2021-11-23 17:15:42,31.61,34.7642,66.88,100,1,4.56
306,Crowley,US,2021-11-23 17:17:17,30.2141,-92.3746,62.06,52,0,6.96
307,Saint-Francois,FR,2021-11-23 17:20:20,46.4154,3.9054,38.68,80,0,3.44
308,Narrabri,AU,2021-11-23 17:20:21,-30.3167,149.7833,67.51,93,100,4.14
309,Esperance,AU,2021-11-23 17:15:51,-33.8667,121.9,58.84,67,66,7.05
310,Basco,PH,2021-11-23 17:20:21,20.4487,121.9702,77.34,75,100,28.5
311,Hailun,CN,2021-11-23 17:20:21,47.45,126.9333,14.34,92,100,17.11
312,Umm Kaddadah,SD,2021-11-23 17:20:22,13.6017,26.6876,76.75,15,76,12.26
313,Male,MV,2021-11-23 17:20:23,4.1748,73.5089,81.36,74,100,14.38
314,Cumana,VE,2021-11-23 17:20:23,10.4635,-64.1775,82.63,72,94,4.94
315,Kropotkin,RU,2021-11-23 17:20:23,45.4375,40.5756,49.77,90,100,9.62
316,Innisfail,AU,2021-11-23 17:20:24,-17.5333,146.0333,75.94,90,95,1.34
317,Roura,GF,2021-11-23 17:21:24,4.7263,-52.3274,87.71,70,75,13.8
318,Kalmar,SE,2021-11-23 17:21:25,56.6616,16.3616,40.96,89,0,4.61
319,Bethel,US,2021-11-23 17:21:25,41.3712,-73.414,41.77,53,20,1.99
320,Salisbury,GB,2021-11-23 17:21:25,51.0693,-1.7957,47.28,89,40,6.91
321,Sinnamary,GF,2021-11-23 17:21:26,5.3833,-52.95,83.34,71,100,8.84
322,Erdenet,MN,2021-11-23 17:21:26,49.0333,104.0833,11.7,76,38,2.37
323,Zeya,RU,2021-11-23 17:21:27,53.75,127.2667,21.06,48,100,9.4
324,Young,UY,2021-11-23 17:21:27,-32.6833,-57.6333,85.68,14,88,9.91
325,Yumen,CN,2021-11-23 17:18:40,40.2833,97.2,27.01,34,1,13.29
326,Kuah,MY,2021-11-23 17:21:28,6.3265,99.8432,78.78,94,40,3.44
327,Mayo,US,2021-11-23 17:21:28,38.8876,-76.5119,45.19,45,20,11.01
328,Moose Factory,CA,2021-11-23 17:21:28,51.2585,-80.6094,19.4,79,90,12.66
329,Oussouye,SN,2021-11-23 17:21:29,12.485,-16.5469,93.38,59,1,10.71
330,Christchurch,NZ,2021-11-23 17:21:30,-43.5333,172.6333,53.01,87,75,3.44
331,Gazli,UZ,2021-11-23 17:21:30,40.1333,63.45,55.78,27,97,5.57
332,Richards Bay,ZA,2021-11-23 17:21:30,-28.783,32.0377,68.9,77,48,18.12
333,Deloraine,AU,2021-11-23 17:21:31,-41.5333,146.6667,55.71,1,100,2.06
334,Xacmaz,AZ,2021-11-23 17:21:31,41.4635,48.806,49.06,71,6,1.63
335,Pacific Grove,US,2021-11-23 17:21:32,36.6177,-121.9166,61.81,67,1,3.0
336,Bud,US,2021-11-23 17:21:32,39.447,-86.1758,39.92,45,22,5.35
337,Tottori,JP,2021-11-23 17:21:32,35.5,134.2333,46.27,70,69,20.42
338,Egersund,NO,2021-11-23 17:21:33,58.4513,5.9997,48.81,84,92,19.98
339,Strezhevoy,RU,2021-11-23 17:21:33,60.7333,77.5889,15.78,94,100,7.9
340,Makakilo City,US,2021-11-23 17:21:33,21.3469,-158.0858,74.28,79,75,4.61
341,Santa Fe,AR,2021-11-23 17:21:34,-31.6333,-60.7,88.02,16,100,5.01
342,Kushiro,JP,2021-11-23 17:18:13,42.975,144.3747,35.74,61,100,5.03
343,Evensk,RU,2021-11-23 17:21:34,61.95,159.2333,11.57,73,100,11.16
344,Puerto Leguizamo,CO,2021-11-23 17:21:35,-0.1934,-74.7819,76.26,95,100,2.06
345,Praia,CV,2021-11-23 17:16:41,14.9215,-23.5087,86.54,54,0,17.27
346,Bosobolo,CD,2021-11-23 17:21:35,4.1833,19.9,76.78,57,67,2.89
347,Pochutla,MX,2021-11-23 17:21:35,15.7432,-96.4661,89.82,47,0,5.64
348,Sechura,PE,2021-11-23 17:21:36,-5.5569,-80.8222,76.12,60,80,11.83
349,Thinadhoo,MV,2021-11-23 17:21:36,0.5333,72.9333,82.45,76,100,16.15
350,Shahr-E Babak,IR,2021-11-23 17:21:36,30.1165,55.1186,57.04,44,34,11.48
351,Nehe,CN,2021-11-23 17:21:37,48.4833,124.8333,15.37,70,100,15.93
352,Conde,BR,2021-11-23 17:21:37,-7.2597,-34.9075,89.06,51,40,13.8
353,Tsivilsk,RU,2021-11-23 17:21:38,55.8611,47.4664,20.41,95,91,9.37
354,Santa Rosa,PH,2021-11-23 17:21:38,14.3122,121.1114,82.38,84,48,9.48
355,Nome,US,2021-11-23 17:21:39,64.5011,-165.4064,6.87,47,1,0.0
356,Verkhnevilyuysk,RU,2021-11-23 17:21:39,63.4453,120.3167,-28.26,100,7,2.71
357,Karlshamn,SE,2021-11-23 17:21:39,56.1706,14.8619,42.91,92,25,7.99
358,Puteyets,RU,2021-11-23 17:21:40,65.1716,57.091,9.43,96,95,8.16
359,Palm Harbor,US,2021-11-23 17:20:41,28.0781,-82.7637,66.09,54,1,1.99
360,San Cristobal,VE,2021-11-23 17:21:40,7.7669,-72.225,77.18,58,81,5.32
361,Hirara,JP,2021-11-23 17:21:41,24.8,125.2833,69.37,63,99,20.71
362,Maragogi,BR,2021-11-23 17:21:41,-9.0122,-35.2225,85.71,58,70,12.33
363,Sucre,BO,2021-11-23 17:17:37,-19.0333,-65.2627,71.64,39,100,11.23
364,Khani,GE,2021-11-23 17:22:42,41.9563,42.9566,40.57,64,66,4.74
365,Bealanana,MG,2021-11-23 17:22:42,-14.55,48.7333,67.3,88,90,3.91
366,Dingle,PH,2021-11-23 17:22:43,10.9995,122.6711,76.12,91,100,8.03
367,Corinto,GR,2021-11-23 17:22:43,37.9407,22.9573,64.69,86,100,2.08
368,Mackay,AU,2021-11-23 17:22:43,-21.15,149.2,74.68,79,96,6.38
369,Dekar,BW,2021-11-23 17:22:44,-21.5333,21.9333,82.49,9,5,7.18
370,Pozoblanco,ES,2021-11-23 17:22:44,38.3791,-4.8483,41.58,92,95,4.23
371,Seoul,KR,2021-11-23 17:22:45,37.5683,126.9778,30.61,43,17,5.17
372,Abu Dhabi,AE,2021-11-23 17:21:08,24.4667,54.3667,82.42,77,0,5.75
373,Naze,JP,2021-11-23 17:22:45,28.3667,129.4833,57.96,68,48,12.97
374,Atasu,KZ,2021-11-23 17:22:46,48.6814,71.6433,33.37,99,100,10.83
375,Nelson Bay,AU,2021-11-23 17:22:46,-32.7167,152.15,68.0,95,100,1.99
376,Kruisfontein,ZA,2021-11-23 17:22:47,-34.0033,24.7314,60.89,71,83,8.57
377,Vila Velha,BR,2021-11-23 17:22:47,-20.3297,-40.2925,84.15,71,20,3.0
378,Srednekolymsk,RU,2021-11-23 17:20:24,67.45,153.6833,-30.19,100,65,4.81
379,Eyl,SO,2021-11-23 17:22:47,7.9803,49.8164,80.17,73,92,13.78
380,Port Macquarie,AU,2021-11-23 17:22:48,-31.4333,152.9167,67.96,91,100,9.4
381,Hudson Bay,CA,2021-11-23 17:22:48,52.85,-102.3842,27.25,85,8,8.21
382,Vrangel,RU,2021-11-23 17:22:49,42.7297,133.0839,24.6,57,71,25.03
383,Bulungu,CD,2021-11-23 17:22:49,-4.55,18.6,73.72,87,94,1.99
384,Maseru,LS,2021-11-23 17:22:50,-29.3167,27.4833,60.84,50,45,13.94
385,Mbanza-Ngungu,CD,2021-11-23 17:22:50,-5.25,14.8667,71.85,86,72,2.3
386,Lensk,RU,2021-11-23 17:22:50,60.7253,114.9278,-15.77,99,6,3.38
387,Andenes,NO,2021-11-23 17:22:51,69.3143,16.1194,33.78,93,90,29.93
388,Yerofey Pavlovich,RU,2021-11-23 17:22:51,53.9667,121.9667,3.4,81,100,3.67
389,Sao Felix Do Xingu,BR,2021-11-23 17:21:08,-6.6447,-51.995,91.27,48,61,1.32
390,Cervo,ES,2021-11-23 17:22:52,43.6702,-7.4101,52.97,78,100,21.05
391,Bay Roberts,CA,2021-11-23 17:22:52,47.5999,-53.2648,42.33,79,100,10.0
392,Alamosa,US,2021-11-23 17:22:53,37.4695,-105.87,46.65,25,1,0.0
393,Lovozero,RU,2021-11-23 17:22:53,68.005,35.0117,15.84,80,100,5.88
394,Cidreira,BR,2021-11-23 17:22:53,-30.1811,-50.2056,72.73,58,32,15.61
395,Nakhon Phanom,TH,2021-11-23 17:22:54,17.3333,104.4167,62.06,75,25,6.87
396,Codrington,AU,2021-11-23 17:22:54,-38.2667,141.9667,57.2,96,100,5.17
397,Oranjemund,NA,2021-11-23 17:22:55,-28.55,16.4333,63.39,80,49,22.17
398,Ostrovnoy,RU,2021-11-23 17:21:38,68.0531,39.5131,15.24,91,96,7.81
399,Boguchar,RU,2021-11-23 17:22:55,49.9358,40.545,28.58,66,100,7.09
400,Rantepao,ID,2021-11-23 17:22:56,-2.9701,119.8978,67.75,98,100,2.48
401,Otyniya,UA,2021-11-23 17:22:56,48.7377,24.8611,35.55,64,44,6.93
402,Sangmelima,CM,2021-11-23 17:22:57,2.9333,11.9833,72.63,87,97,1.25
403,Sakakah,SA,2021-11-23 17:19:07,29.9697,40.2064,63.97,44,0,7.58
404,Trofors,NO,2021-11-23 17:22:57,65.5333,13.4063,44.06,95,100,21.92
405,Abu Samrah,SY,2021-11-23 17:22:58,35.3029,37.1841,61.05,52,12,3.91
406,Chingirlau,KZ,2021-11-23 17:22:58,51.095,54.0814,25.63,84,100,2.1
407,Bambanglipuro,ID,2021-11-23 17:22:59,-7.95,110.2833,61.61,91,99,6.8
408,Port Hedland,AU,2021-11-23 17:22:59,-20.3167,118.5667,78.85,78,97,6.91
409,Diego De Almagro,CL,2021-11-23 17:23:59,-26.3667,-70.05,81.39,15,99,12.33
410,Amapa,BR,2021-11-23 17:22:53,1.0,-52.0,93.92,35,41,4.7
411,Omboue,GA,2021-11-23 17:24:00,-1.5746,9.2618,77.25,83,100,5.55
412,Port Lincoln,AU,2021-11-23 17:24:00,-34.7333,135.8667,61.47,90,45,3.02
413,Bama,NG,2021-11-23 17:24:01,11.5221,13.6856,87.08,18,45,10.71
414,Gigmoto,PH,2021-11-23 17:24:01,13.7796,124.39,80.13,83,19,8.39
415,Chomutov,CZ,2021-11-23 17:24:02,50.4605,13.4178,40.82,82,86,3.11
416,Pandan,PH,2021-11-23 17:24:02,14.0453,124.1694,79.16,83,11,8.68
417,Saint Anthony,US,2021-11-23 17:24:02,45.0205,-93.218,46.24,52,1,7.0
418,Denpasar,ID,2021-11-23 17:24:03,-8.65,115.2167,78.46,88,40,3.44
419,Lavrentiya,RU,2021-11-23 17:24:03,65.5833,-171.0,-0.92,91,13,9.46
420,Nemuro,JP,2021-11-23 17:24:04,43.3236,145.575,39.72,70,97,9.48
421,Gucheng,CN,2021-11-23 17:24:04,35.9115,111.3192,37.81,37,0,3.18
422,Belgrade,RS,2021-11-23 17:20:53,44.804,20.4651,41.4,85,0,5.75
423,Barrancabermeja,CO,2021-11-23 17:24:05,7.0653,-73.8547,83.8,73,96,2.01
424,Nioro,GM,2021-11-23 17:24:05,13.35,-15.75,99.19,15,3,2.93
425,Kawalu,ID,2021-11-23 17:24:06,-7.3817,108.2082,73.18,96,100,0.85
426,Tual,ID,2021-11-23 17:24:06,-5.6667,132.75,82.96,77,84,5.23
427,Pergamino,AR,2021-11-23 17:24:06,-33.89,-60.5736,86.92,10,6,9.6
428,Poum,NC,2021-11-23 17:24:07,-20.2333,164.0167,78.17,80,100,5.97
429,Hami,CN,2021-11-23 17:24:07,42.8,93.45,26.89,63,53,2.15
430,Fairbanks,US,2021-11-23 17:22:44,64.8378,-147.7164,1.36,58,90,4.61
431,Bilibino,RU,2021-11-23 17:24:08,68.0546,166.4372,-22.86,91,13,3.18
432,Emba,KZ,2021-11-23 17:24:08,48.8264,58.1442,32.9,97,99,4.56
433,Eirunepe,BR,2021-11-23 17:24:09,-6.6603,-69.8736,83.64,72,99,0.63
434,Pleasanton,US,2021-11-23 17:24:09,37.6624,-121.8747,59.76,87,16,2.93
435,Qasigiannguit,GL,2021-11-23 17:24:10,68.8193,-51.1922,10.65,68,27,9.13
436,Cap Malheureux,MU,2021-11-23 17:24:10,-19.9842,57.6142,77.49,83,47,1.01
437,Pakxan,LA,2021-11-23 17:24:10,18.3778,103.6601,62.15,76,12,4.16
438,Sao Joao Da Barra,BR,2021-11-23 17:24:11,-21.6403,-41.0511,84.29,72,88,8.08
439,Awjilah,LY,2021-11-23 17:24:11,29.1081,21.2869,71.37,29,73,8.03
440,Octeville,FR,2021-11-23 17:24:11,49.6261,-1.6435,50.92,81,90,11.5
441,Geraldton,AU,2021-11-23 17:19:41,-28.7667,114.6,59.41,82,0,12.66
442,Umm Lajj,SA,2021-11-23 17:24:12,25.0213,37.2685,79.12,39,0,17.74
443,Zhanakorgan,KZ,2021-11-23 17:24:12,43.9098,67.2495,42.04,67,9,4.21
444,Xifeng,CN,2021-11-23 17:24:13,42.7372,124.7222,16.12,60,1,12.44
445,Hamilton,US,2021-11-23 17:21:37,39.1834,-84.5333,41.4,49,1,1.01
446,Belmonte,BR,2021-11-23 17:24:13,-15.8631,-38.8828,79.3,73,89,6.02
447,Lagoa,PT,2021-11-23 17:24:14,39.05,-27.9833,65.89,87,38,17.85
448,Banyo,CM,2021-11-23 17:24:14,6.75,11.8167,76.57,40,17,4.54
449,Grong,NO,2021-11-23 17:22:16,64.4654,12.3149,42.08,95,100,16.84
450,Ixtapa,MX,2021-11-23 17:24:15,20.7,-105.2,80.22,61,1,0.0
451,Sisimiut,GL,2021-11-23 17:24:15,66.9395,-53.6735,16.56,64,98,19.22
452,Fortuna,US,2021-11-23 17:19:47,40.5982,-124.1573,52.14,95,1,3.0
453,Gimli,CA,2021-11-23 17:24:16,50.6336,-96.9907,30.22,69,91,5.75
454,Trinidad,BO,2021-11-23 17:24:16,-14.8333,-64.9,89.58,66,40,11.5
455,Marzuq,YE,2021-11-23 17:21:49,14.4,46.4667,70.74,21,65,3.4
456,Carlsbad,US,2021-11-23 17:25:11,33.1581,-117.3506,72.77,44,1,1.99
457,Balkanabat,TM,2021-11-23 17:25:17,39.5108,54.3671,54.93,54,0,1.86
458,Harper,LR,2021-11-23 17:25:17,4.375,-7.7169,82.31,77,46,8.32
459,Santa Marta,CO,2021-11-23 17:25:18,11.2408,-74.199,87.85,74,75,4.61
460,Ponta Delgada,PT,2021-11-23 17:25:18,37.7333,-25.6667,66.51,94,40,14.97
461,Nortelandia,BR,2021-11-23 17:22:51,-14.4547,-56.8028,91.56,55,83,3.67
462,Tete,MZ,2021-11-23 17:25:19,-16.1564,33.5867,94.12,30,16,1.28
463,Ahipara,NZ,2021-11-23 17:25:19,-35.1667,173.1667,59.2,85,88,5.39
464,Chernyshevskiy,RU,2021-11-23 17:25:19,63.0128,112.4714,-19.5,99,94,3.85
465,Santa Cruz Del Sur,CU,2021-11-23 17:25:20,20.7147,-77.9956,83.37,62,7,8.66
466,Saint-Georges,GD,2021-11-23 17:25:20,12.0564,-61.7485,83.88,79,40,17.27
467,Urusha,RU,2021-11-23 17:25:20,54.05,122.9,3.38,77,100,4.76
468,Hofn,IS,2021-11-23 17:25:21,64.2539,-15.2082,35.19,96,80,8.9
469,Bishop Auckland,GB,2021-11-23 17:25:21,54.6555,-1.6771,45.97,84,16,4.09
470,Acari,PE,2021-11-23 17:25:22,-15.4311,-74.6158,76.82,56,100,9.91
471,Livingston,GB,2021-11-23 17:20:45,55.9029,-3.5226,47.48,87,75,13.8
472,Ballina,AU,2021-11-23 17:25:22,-28.8667,153.5667,71.56,89,90,8.05
473,Dawlatabad,AF,2021-11-23 17:25:23,36.4141,64.9053,57.94,49,43,1.39
474,Saint-Pierre,RE,2021-11-23 17:25:23,-21.3393,55.4781,76.68,72,0,3.44
475,Manakara,MG,2021-11-23 17:25:23,-22.1333,48.0167,74.3,89,49,9.78
476,Bolobo,CD,2021-11-23 17:25:24,-2.1667,16.2333,74.97,89,96,2.13
477,Palmer,US,2021-11-23 17:25:24,42.1584,-72.3287,40.6,35,20,4.0
478,Husavik,IS,2021-11-23 17:21:31,66.0449,-17.3389,31.91,78,100,8.81
479,Tyukhtet,RU,2021-11-23 17:25:25,56.5389,89.3011,32.61,81,100,16.26
480,Uberaba,BR,2021-11-23 17:25:25,-19.7483,-47.9319,90.18,31,40,5.75
481,Cabra,ES,2021-11-23 17:25:26,37.4725,-4.4421,51.39,75,29,4.0
482,Verkh-Suetka,RU,2021-11-23 17:25:26,53.3,80.05,27.19,86,74,15.35
483,General Jose Eduvigis Diaz,PY,2021-11-23 17:22:54,-27.1667,-58.4167,80.64,34,100,5.1
484,Beyneu,KZ,2021-11-23 17:25:26,45.3167,55.2,47.82,61,45,10.65
485,Pitimbu,BR,2021-11-23 17:25:27,-7.4706,-34.8086,90.19,65,98,11.34
486,Wokha,IN,2021-11-23 17:25:27,26.1,94.2667,44.83,85,0,3.83
487,Asadabad,IR,2021-11-23 17:25:27,34.7824,48.1185,46.24,61,4,2.82
488,North Bend,US,2021-11-23 17:25:28,43.4065,-124.2243,51.71,93,75,9.22
489,Verkhnyaya Inta,RU,2021-11-23 17:25:28,65.9811,60.3094,10.35,95,100,14.92
490,Muzaffargarh,PK,2021-11-23 17:25:29,30.0754,71.1921,64.42,10,0,2.91
491,Oistins,BB,2021-11-23 17:25:29,13.0667,-59.5333,87.89,62,40,17.27
492,Moreira Sales,BR,2021-11-23 17:25:30,-24.0622,-53.0069,91.76,27,37,4.76
493,Taoudenni,ML,2021-11-23 17:21:09,22.6783,-3.9836,89.56,22,81,5.68
494,Berlevag,NO,2021-11-23 17:25:30,70.8578,29.0864,23.0,63,0,20.71
495,Imbituba,BR,2021-11-23 17:25:31,-28.24,-48.6703,82.29,69,33,17.54
496,Bengkulu,ID,2021-11-23 17:25:31,-3.8004,102.2655,75.42,88,100,5.97
497,Huinan,CN,2021-11-23 17:25:31,42.6225,126.2614,15.13,67,59,13.13
498,Rancho Cucamonga,US,2021-11-23 17:25:15,34.1064,-117.5931,73.44,27,20,1.01
499,Gijon,ES,2021-11-23 17:25:32,43.5357,-5.6615,54.81,79,100,4.0
500,Tortoli,IT,2021-11-23 17:25:32,39.9256,9.6572,57.97,77,75,9.22
501,Hirna,ET,2021-11-23 17:25:33,9.2167,41.1,62.2,53,63,5.37
502,Warmbad,NA,2021-11-23 17:25:33,-28.45,18.7333,82.51,24,68,7.45
503,Nicolas Bravo,MX,2021-11-23 17:26:33,18.45,-88.9167,79.68,47,8,4.56
504,Trapani,IT,2021-11-23 17:23:38,37.8333,12.6667,60.98,88,40,4.61
505,Lompoc,US,2021-11-23 17:22:49,34.6391,-120.4579,76.14,47,1,11.01
506,Balotra,IN,2021-11-23 17:26:34,25.8333,72.2333,74.5,14,1,3.71
507,Miri,MY,2021-11-23 17:26:34,4.4148,114.0089,75.34,100,40,2.3
508,Santa Cruz,BO,2021-11-23 17:26:35,-17.8,-63.1667,91.45,58,75,14.97
509,Jalu,LY,2021-11-23 17:26:35,29.0331,21.5482,70.83,29,78,8.05
510,Alyangula,AU,2021-11-23 17:26:36,-13.8483,136.4192,82.27,78,20,3.44
511,Chadiza,ZM,2021-11-23 17:26:36,-14.0678,32.4392,84.43,35,91,6.53
512,Pumiao,CN,2021-11-23 17:26:37,22.75,108.4833,55.8,57,100,4.0
513,Sambava,MG,2021-11-23 17:22:00,-14.2667,50.1667,77.74,70,71,3.74
514,Matagami,CA,2021-11-23 17:26:37,49.7502,-77.6328,15.91,100,90,9.22
515,Povenets,RU,2021-11-23 17:26:37,62.8487,34.8262,18.34,93,65,5.44
516,Nantucket,US,2021-11-23 17:26:38,41.2835,-70.0995,42.96,56,90,19.57
517,Mandalgovi,MN,2021-11-23 17:26:38,45.7625,106.2708,23.05,36,9,11.43
518,Pontianak,ID,2021-11-23 17:26:39,-0.0333,109.3333,75.18,94,90,2.3
519,Mnogovershinnyy,RU,2021-11-23 17:26:39,53.9353,139.9242,29.01,98,100,28.86
520,Aleksandrovka,UA,2021-11-23 17:26:39,46.8383,32.7612,37.62,59,81,7.05
521,Winkler,CA,2021-11-23 17:26:40,49.1817,-97.941,39.38,56,98,11.5
522,Kungurtug,RU,2021-11-23 17:26:40,50.5994,97.5228,7.43,87,79,2.84
523,Port Keats,AU,2021-11-23 17:26:41,-14.25,129.55,84.43,75,50,10.09
524,Los Llanos De Aridane,ES,2021-11-23 17:26:41,28.6585,-17.9182,67.75,87,20,2.3
525,Tateyama,JP,2021-11-23 17:26:41,34.9833,139.8667,54.1,59,0,35.88
526,Amuntai,ID,2021-11-23 17:26:42,-2.4177,115.2494,74.23,100,100,1.01
527,Hammerfest,NO,2021-11-23 17:26:42,70.6634,23.6821,26.33,79,0,6.91
528,Lalganj,IN,2021-11-23 17:26:43,25.8667,85.1833,58.95,32,0,3.44
529,Almenara,BR,2021-11-23 17:26:43,-16.1836,-40.6944,87.84,55,71,2.75
530,Concarneau,FR,2021-11-23 17:26:43,47.875,-3.9225,48.99,67,0,20.51
531,Shishou,CN,2021-11-23 17:26:44,29.7226,112.419,48.02,38,34,6.64
532,Sorong,ID,2021-11-23 17:26:44,-0.8833,131.25,80.24,83,93,5.28
533,Marawi,PH,2021-11-23 17:26:45,7.9986,124.2928,68.65,95,100,0.65
534,Najran,SA,2021-11-23 17:26:45,17.4924,44.1277,68.65,21,39,5.57
535,Safaga,EG,2021-11-23 17:26:45,26.7292,33.9365,71.55,58,0,10.67
536,Talaya,RU,2021-11-23 17:26:46,61.3833,152.75,-26.86,100,86,2.1
537,Nalut,LY,2021-11-23 17:26:46,30.3333,10.85,69.64,38,100,8.41
538,Vanavara,RU,2021-11-23 17:26:46,60.34,102.2797,10.2,99,95,4.07
539,Poitiers,FR,2021-11-23 17:26:47,46.5833,0.3333,42.78,72,0,11.5
540,Serebryanyy Bor,RU,2021-11-23 17:26:47,56.8,124.8,-12.01,98,100,3.04
541,Gent,BE,2021-11-23 17:26:48,51.05,3.7167,48.88,84,32,3.22
542,Lira,UG,2021-11-23 17:26:48,2.235,32.9097,78.55,34,100,4.72
543,Sobolevo,RU,2021-11-23 17:26:49,54.4299,31.8996,22.89,63,54,6.46
544,Port Hawkesbury,CA,2021-11-23 17:22:32,45.6169,-61.3485,55.18,99,90,11.01
545,Ondjiva,AO,2021-11-23 17:26:49,-17.0667,15.7333,85.48,13,57,7.25
546,Walvis Bay,NA,2021-11-23 17:26:50,-22.9575,14.5053,63.55,72,0,9.22
547,Charters Towers,AU,2021-11-23 17:26:50,-20.1,146.2667,74.7,87,99,11.56
