City_ID,City,Lat,Lng,Max Temp,Humidity,Cloudiness,Wind Speed,Country,Weather Description,Date
0,Rikitea,-23.1203,-134.9692,76.24,77,0,21.47,PF,light rain,2021-12-01 03:45:26
1,New Norfolk,-42.7826,147.0587,83.75,25,100,1.99,AU,overcast clouds,2021-12-01 03:45:27
2,Fare,-16.7,-151.0167,81.55,74,100,19.71,PF,light rain,2021-12-01 03:41:53
3,Ushuaia,-54.8,-68.3,55.06,44,40,17.27,AR,scattered clouds,2021-12-01 03:45:28
4,Vila Velha,-20.3297,-40.2925,75.15,93,90,8.01,BR,mist,2021-12-01 03:41:23
5,Anupgarh,29.1911,73.2086,71.02,24,99,3.24,IN,overcast clouds,2021-12-01 03:45:29
6,Arraial Do Cabo,-22.9661,-42.0278,73.45,91,98,6.82,BR,overcast clouds,2021-12-01 03:45:30
7,Hobart,-42.8794,147.3294,84.11,38,75,11.5,AU,thunderstorm,2021-12-01 03:45:30
8,Aklavik,68.2191,-135.0107,-22.97,99,60,4.27,CA,broken clouds,2021-12-01 03:45:31
9,Barrow,71.2906,-156.7887,-16.58,69,1,12.66,US,clear sky,2021-12-01 03:43:04
10,Ribeira Grande,38.5167,-28.7,62.73,78,42,8.34,PT,scattered clouds,2021-12-01 03:45:32
11,Shitanjing,39.2342,106.3439,32.05,24,1,8.19,CN,clear sky,2021-12-01 03:45:33
12,Dikson,73.5069,80.5464,-18.69,100,100,8.97,RU,overcast clouds,2021-12-01 03:41:49
13,Los Llanos De Aridane,28.6585,-17.9182,59.13,79,0,8.99,ES,clear sky,2021-12-01 03:45:34
14,Itoman,26.1247,127.6694,68.4,50,40,27.63,JP,scattered clouds,2021-12-01 03:45:35
15,Husavik,66.0449,-17.3389,24.71,87,97,6.38,IS,overcast clouds,2021-12-01 03:45:35
16,Puerto Ayora,-0.7393,-90.3518,68.29,92,36,7.02,EC,scattered clouds,2021-12-01 03:45:35
17,Butaritari,3.0707,172.7902,82.45,76,78,7.72,KI,broken clouds,2021-12-01 03:45:36
18,Saint-Philippe,-21.3585,55.7679,80.19,75,85,8.23,RE,overcast clouds,2021-12-01 03:45:36
19,Airai,-8.9266,125.4092,78.26,47,42,2.77,TL,scattered clouds,2021-12-01 03:45:36
20,Conde,-7.2597,-34.9075,78.26,83,0,4.61,BR,clear sky,2021-12-01 03:45:37
21,Clyde River,70.4692,-68.5914,3.43,85,100,12.66,CA,light snow,2021-12-01 03:45:37
22,Saint-Georges,12.0564,-61.7485,80.28,83,75,18.41,GD,thunderstorm,2021-12-01 03:45:38
23,Mount Isa,-20.7333,139.5,100.17,10,4,11.5,AU,clear sky,2021-12-01 03:45:38
24,Ulaangom,49.9811,92.0667,14.5,75,55,1.43,MN,broken clouds,2021-12-01 03:45:38
25,Albany,42.6001,-73.9662,34.81,85,87,3.18,US,overcast clouds,2021-12-01 03:45:39
26,Prince Rupert,54.3161,-130.3201,46.49,74,90,13.8,CA,light rain,2021-12-01 03:45:39
27,Alice Springs,-23.7,133.8833,96.35,11,0,3.44,AU,clear sky,2021-12-01 03:43:47
28,Vaini,-21.2,-175.2,82.56,83,20,11.5,TO,few clouds,2021-12-01 03:45:40
29,Hermanus,-34.4187,19.2345,58.89,85,19,7.52,ZA,few clouds,2021-12-01 03:45:40
30,Nago,26.5881,127.9761,68.45,64,94,22.19,JP,overcast clouds,2021-12-01 03:45:40
31,Moose Factory,51.2585,-80.6094,19.4,86,90,13.8,CA,light snow,2021-12-01 03:45:41
32,Cape Town,-33.9258,18.4232,61.21,77,0,5.75,ZA,clear sky,2021-12-01 03:45:41
33,Bluff,-46.6,168.3333,68.81,72,10,18.34,NZ,clear sky,2021-12-01 03:45:42
34,Busselton,-33.65,115.3333,69.49,44,77,13.51,AU,broken clouds,2021-12-01 03:45:42
35,Klaksvik,62.2266,-6.589,34.72,60,44,22.97,FO,scattered clouds,2021-12-01 03:45:43
36,Codrington,-38.2667,141.9667,67.66,67,7,13.33,AU,clear sky,2021-12-01 03:45:43
37,Port Alfred,-33.5906,26.891,66.42,79,98,10.09,ZA,overcast clouds,2021-12-01 03:45:44
38,Iqaluit,63.7506,-68.5145,11.93,85,90,4.61,CA,light snow,2021-12-01 03:45:44
39,Lerik,38.7726,48.4128,42.44,34,86,14.45,AZ,overcast clouds,2021-12-01 03:45:44
40,Riyadh,24.6877,46.7219,55.45,44,0,1.14,SA,clear sky,2021-12-01 03:45:45
41,Rokytne,51.2796,27.214,32.65,97,100,9.57,UA,light snow,2021-12-01 03:45:45
42,Atuona,-9.8,-139.0333,78.94,76,5,20.62,PF,clear sky,2021-12-01 03:41:56
43,Bredasdorp,-34.5322,20.0403,58.28,83,71,3.96,ZA,broken clouds,2021-12-01 03:45:46
44,Alice,27.7523,-98.0697,64.4,88,1,5.75,US,clear sky,2021-12-01 03:45:46
45,Tuktoyaktuk,69.4541,-133.0374,-31.0,75,20,3.44,CA,few clouds,2021-12-01 03:45:47
46,Saint-Pierre,-21.3393,55.4781,80.28,68,20,17.27,RE,few clouds,2021-12-01 03:45:19
47,Hilo,19.7297,-155.09,76.73,82,1,8.05,US,light rain,2021-12-01 03:42:39
48,Tari,12.4086,4.4914,71.46,18,2,9.82,NG,clear sky,2021-12-01 03:45:47
49,Bimbo,4.2567,18.4158,75.13,94,20,2.3,CF,few clouds,2021-12-01 03:45:48
50,Chicama,-7.8447,-79.1469,66.34,81,98,5.1,PE,overcast clouds,2021-12-01 03:45:48
51,Ostrovnoy,68.0531,39.5131,25.21,63,100,35.19,RU,overcast clouds,2021-12-01 03:45:48
52,Bonthe,7.5264,-12.505,76.66,87,13,2.13,SL,few clouds,2021-12-01 03:45:49
53,Lagoa,39.05,-27.9833,62.17,81,69,10.56,PT,broken clouds,2021-12-01 03:45:49
54,Beyneu,45.3167,55.2,53.49,44,28,27.09,KZ,scattered clouds,2021-12-01 03:45:50
55,Port Elizabeth,-33.918,25.5701,63.1,94,0,1.14,ZA,clear sky,2021-12-01 03:45:50
56,Susangerd,31.5608,48.1831,53.62,39,82,8.63,IR,broken clouds,2021-12-01 03:45:50
57,Asau,46.4333,26.4,38.39,72,100,10.6,RO,overcast clouds,2021-12-01 03:45:51
58,Mataura,-46.1927,168.8643,68.49,50,27,5.14,NZ,scattered clouds,2021-12-01 03:45:51
59,Shenjiamen,29.9576,122.298,47.77,63,29,20.11,CN,scattered clouds,2021-12-01 03:45:52
60,Devonport,-41.1667,146.35,76.78,70,100,3.53,AU,overcast clouds,2021-12-01 03:45:52
61,Kupang,-10.1667,123.5833,90.18,62,40,5.75,ID,scattered clouds,2021-12-01 03:45:53
62,Axim,4.8699,-2.2405,78.04,83,64,4.65,GH,broken clouds,2021-12-01 03:45:53
63,Voh,-20.9667,164.7,83.32,73,45,5.44,NC,scattered clouds,2021-12-01 03:45:53
64,Sioux Lookout,50.1001,-91.917,8.67,92,75,4.61,CA,broken clouds,2021-12-01 03:45:54
65,Port Hardy,50.6996,-127.4199,48.38,100,90,3.44,CA,moderate rain,2021-12-01 03:45:54
66,Vardo,70.3705,31.1107,32.2,55,100,33.62,NO,overcast clouds,2021-12-01 03:45:55
67,Yellowknife,62.456,-114.3525,-14.58,95,90,11.5,CA,overcast clouds,2021-12-01 03:45:55
68,Lasa,46.6166,10.7002,40.08,82,46,3.78,IT,scattered clouds,2021-12-01 03:45:55
69,Tiksi,71.6872,128.8694,-23.19,97,100,6.4,RU,overcast clouds,2021-12-01 03:45:56
70,Kapaa,22.0752,-159.319,77.32,77,90,3.0,US,moderate rain,2021-12-01 03:45:56
71,Yaring,6.8662,101.3689,82.29,79,96,10.07,TH,overcast clouds,2021-12-01 03:45:57
72,Svetlaya,46.5389,138.3297,28.31,92,100,15.32,RU,light snow,2021-12-01 03:45:57
73,Katubao,5.8892,124.8294,84.22,76,98,3.29,PH,overcast clouds,2021-12-01 03:45:57
74,Arlit,18.7369,7.3853,68.04,25,2,6.29,NE,clear sky,2021-12-01 03:45:58
75,Cabo San Lucas,22.8909,-109.9124,78.51,69,40,3.44,MX,scattered clouds,2021-12-01 03:42:39
76,Kahului,20.8947,-156.47,80.62,76,75,3.44,US,light rain,2021-12-01 03:45:59
77,Lana,46.6124,11.1559,51.12,84,28,4.94,IT,scattered clouds,2021-12-01 03:45:59
78,Beringovskiy,63.05,179.3167,17.96,92,100,11.36,RU,overcast clouds,2021-12-01 03:46:00
79,Ixtapa,20.7,-105.2,76.23,86,100,2.26,MX,overcast clouds,2021-12-01 03:46:00
80,Punta Arenas,-53.15,-70.9167,51.91,62,75,8.05,CL,broken clouds,2021-12-01 03:42:24
81,Sitka,57.0531,-135.33,40.89,81,75,17.27,US,light rain,2021-12-01 03:46:00
82,Mayo,38.8876,-76.5119,45.28,93,1,0.0,US,clear sky,2021-12-01 03:46:01
83,Vila Franca Do Campo,37.7167,-25.4333,63.19,86,77,7.81,PT,broken clouds,2021-12-01 03:46:01
84,Tilichiki,60.4667,166.1,0.95,94,23,5.26,RU,few clouds,2021-12-01 03:46:02
85,Pisco,-13.7,-76.2167,64.45,82,0,12.66,PE,clear sky,2021-12-01 03:46:02
86,Norman Wells,65.282,-126.8329,-25.56,68,75,4.61,CA,light snow,2021-12-01 03:46:02
87,Salalah,17.0151,54.0924,75.29,29,0,14.97,OM,clear sky,2021-12-01 03:46:03
88,Soyaux,45.65,0.2,48.85,95,90,11.5,FR,overcast clouds,2021-12-01 03:46:03
89,Puerto Ayacucho,5.6639,-67.6236,78.67,81,87,1.97,VE,overcast clouds,2021-12-01 03:46:04
90,Acapulco,16.8634,-99.8901,80.42,83,40,4.61,MX,scattered clouds,2021-12-01 03:41:15
91,Dingle,10.9995,122.6711,83.98,76,97,8.48,PH,overcast clouds,2021-12-01 03:44:17
92,Hithadhoo,-0.6,73.0833,81.88,74,77,6.53,MV,broken clouds,2021-12-01 03:46:04
93,Torbay,47.6666,-52.7314,40.57,87,40,19.57,CA,scattered clouds,2021-12-01 03:45:25
94,Srivardhan,18.0333,73.0167,75.06,87,100,6.11,IN,moderate rain,2021-12-01 03:43:54
95,Jamestown,42.097,-79.2353,36.72,83,90,11.01,US,overcast clouds,2021-12-01 03:43:48
96,Angoram,-4.0625,144.0661,86.22,76,65,2.08,PG,broken clouds,2021-12-01 03:47:05
97,Hervey Bay,-25.2986,152.8535,84.31,78,59,5.01,AU,broken clouds,2021-12-01 03:47:05
98,Talnakh,69.4865,88.3972,-21.8,100,78,2.28,RU,broken clouds,2021-12-01 03:47:06
99,Hamilton,39.1834,-84.5333,43.0,80,1,1.01,US,clear sky,2021-12-01 03:44:09
100,Chuy,-33.6971,-53.4616,63.01,85,71,10.07,UY,broken clouds,2021-12-01 03:47:06
101,Tual,-5.6667,132.75,84.42,70,93,4.79,ID,overcast clouds,2021-12-01 03:47:07
102,Mahebourg,-20.4081,57.7,81.25,69,40,4.61,MU,scattered clouds,2021-12-01 03:47:07
103,Luau,-10.7073,22.2247,62.28,98,100,3.47,AO,overcast clouds,2021-12-01 03:47:08
104,Sao Joao Da Barra,-21.6403,-41.0511,73.36,89,100,7.02,BR,light rain,2021-12-01 03:47:08
105,Rawson,-43.3002,-65.1023,67.41,52,7,23.33,AR,clear sky,2021-12-01 03:47:08
106,Ejido,8.5514,-71.2375,64.47,91,90,4.85,VE,overcast clouds,2021-12-01 03:47:09
107,Kabanjahe,3.1001,98.4908,72.36,59,33,5.1,ID,scattered clouds,2021-12-01 03:47:10
108,Ubinskoye,55.3068,79.6802,6.24,94,78,7.54,RU,broken clouds,2021-12-01 03:47:10
109,Vangaindrano,-23.35,47.6,76.64,86,32,5.79,MG,scattered clouds,2021-12-01 03:47:10
110,North Battleford,52.7834,-108.2847,34.41,86,75,8.05,CA,broken clouds,2021-12-01 03:47:11
111,Mtwara,-10.2667,40.1833,81.48,77,44,8.21,TZ,light rain,2021-12-01 03:47:11
112,Sheridan,44.8333,-106.9173,44.78,59,1,1.01,US,clear sky,2021-12-01 03:47:12
113,Ponnani,10.767,75.9252,79.92,71,74,10.69,IN,broken clouds,2021-12-01 03:47:12
114,Rocha,-34.4833,-54.3333,61.18,82,100,7.02,UY,overcast clouds,2021-12-01 03:47:13
115,Alugan,12.2188,125.4808,82.62,81,100,12.15,PH,overcast clouds,2021-12-01 03:47:13
116,Kodiak,57.79,-152.4072,24.31,58,90,10.36,US,light snow,2021-12-01 03:47:13
117,Marawi,7.9986,124.2928,74.64,64,83,5.46,PH,broken clouds,2021-12-01 03:47:14
118,Nouakchott,18.0858,-15.9785,69.73,35,98,11.81,MR,overcast clouds,2021-12-01 03:45:35
119,Svetlogorsk,52.6333,29.7333,29.64,97,100,5.59,BY,light snow,2021-12-01 03:47:14
120,Trairi,-3.2778,-39.2689,79.43,78,91,7.02,BR,overcast clouds,2021-12-01 03:46:33
121,Ayr,55.4627,-4.6339,46.38,81,20,19.57,GB,few clouds,2021-12-01 03:47:15
122,Saldanha,-33.0117,17.9442,51.85,84,64,4.81,ZA,broken clouds,2021-12-01 03:43:06
123,Havre-Saint-Pierre,50.2334,-63.5986,26.6,74,75,18.41,CA,broken clouds,2021-12-01 03:47:15
124,Mbaiki,3.8678,17.9892,71.33,86,99,1.1,CF,overcast clouds,2021-12-01 03:47:16
125,Itupiranga,-5.1347,-49.3267,73.56,93,70,2.04,BR,broken clouds,2021-12-01 03:47:16
126,Sitges,41.2351,1.8119,51.85,81,1,6.73,ES,clear sky,2021-12-01 03:47:16
127,Mosquera,4.7059,-74.2302,50.09,93,20,5.26,CO,few clouds,2021-12-01 03:47:17
128,Atambua,-9.1061,124.8925,86.38,59,76,4.18,ID,broken clouds,2021-12-01 03:47:17
129,Caruray,10.3094,119.0128,84.2,75,93,4.52,PH,overcast clouds,2021-12-01 03:47:18
130,Viedma,-40.8135,-62.9967,61.18,46,75,17.78,AR,broken clouds,2021-12-01 03:47:18
131,Comodoro Rivadavia,-45.8667,-67.5,69.66,19,0,10.36,AR,clear sky,2021-12-01 03:46:00
132,Awjilah,29.1081,21.2869,54.72,70,25,6.58,LY,scattered clouds,2021-12-01 03:47:19
133,Narsaq,60.9167,-46.05,37.13,99,100,22.77,GL,heavy intensity rain,2021-12-01 03:47:19
134,Sinnamary,5.3833,-52.95,77.54,90,97,9.84,GF,light rain,2021-12-01 03:47:20
135,Nishihara,26.1842,127.7558,67.68,51,75,23.02,JP,broken clouds,2021-12-01 03:47:20
136,Sicuani,-14.2694,-71.2261,42.33,95,100,4.09,PE,overcast clouds,2021-12-01 03:47:21
137,Santo Anastacio,-21.8383,-51.6103,70.16,51,9,2.26,BR,clear sky,2021-12-01 03:47:21
138,Saint Anthony,45.0205,-93.218,39.7,54,90,1.01,US,overcast clouds,2021-12-01 03:45:24
139,Bambous Virieux,-20.3428,57.7575,81.21,69,40,4.61,MU,scattered clouds,2021-12-01 03:47:21
140,Makurdi,7.7411,8.5121,73.81,31,11,4.12,NG,few clouds,2021-12-01 03:47:22
141,Castro,-24.7911,-50.0119,58.3,71,0,3.42,BR,clear sky,2021-12-01 03:47:22
142,Megion,61.0296,76.1136,14.02,96,100,18.41,RU,snow,2021-12-01 03:47:23
143,Santa Cruz,-17.8,-63.1667,67.46,88,20,8.05,BO,few clouds,2021-12-01 03:47:23
144,Gazli,40.1333,63.45,50.7,48,0,11.1,UZ,clear sky,2021-12-01 03:47:24
145,Geraldton,-28.7667,114.6,75.61,50,0,21.85,AU,clear sky,2021-12-01 03:47:24
146,Flinders,-34.5833,150.8552,79.88,73,58,10.16,AU,broken clouds,2021-12-01 03:46:30
147,Provideniya,64.3833,-173.3,-4.65,59,1,6.71,RU,clear sky,2021-12-01 03:47:24
148,Vitoria Da Conquista,-14.8661,-40.8394,66.11,93,65,3.29,BR,broken clouds,2021-12-01 03:47:25
149,Carnarvon,-24.8667,113.6333,77.07,53,0,21.85,AU,clear sky,2021-12-01 03:47:25
150,Tambacounda,13.7539,-13.7586,75.25,33,0,4.61,SN,clear sky,2021-12-01 03:47:26
151,Tasiilaq,65.6145,-37.6368,12.88,86,100,6.85,GL,overcast clouds,2021-12-01 03:47:26
152,Hay River,60.8156,-115.7999,-2.22,78,75,9.22,CA,light snow,2021-12-01 03:47:27
153,Capim Grosso,-11.3811,-40.0128,73.38,80,100,5.03,BR,overcast clouds,2021-12-01 03:47:27
154,Saint George,37.1041,-113.5841,54.79,37,1,1.99,US,clear sky,2021-12-01 03:47:27
155,Lompoc,34.6391,-120.4579,68.52,87,1,4.61,US,clear sky,2021-12-01 03:46:03
156,Caravelas,-17.7125,-39.2481,76.03,93,100,9.04,BR,overcast clouds,2021-12-01 03:47:28
157,Ouango,4.3133,22.5552,66.88,98,72,1.19,CF,broken clouds,2021-12-01 03:47:28
158,La Cruz,23.9167,-106.9,73.85,71,99,5.82,MX,overcast clouds,2021-12-01 03:47:29
159,Soyo,-6.1349,12.3689,77.45,91,100,6.51,AO,overcast clouds,2021-12-01 03:47:29
160,Saint-Paul,-21.0096,55.2707,80.71,76,56,2.24,RE,broken clouds,2021-12-01 03:47:30
161,Nome,64.5011,-165.4064,-12.93,70,1,3.44,US,clear sky,2021-12-01 03:47:30
162,Nikolskoye,59.7035,30.7861,22.91,92,100,8.25,RU,overcast clouds,2021-12-01 03:47:30
163,Pevek,69.7008,170.3133,-12.21,100,100,1.21,RU,overcast clouds,2021-12-01 03:47:31
164,Lebu,-37.6167,-73.65,52.21,92,12,10.67,CL,few clouds,2021-12-01 03:47:31
165,Ajdabiya,30.7554,20.2263,62.85,56,100,10.16,LY,overcast clouds,2021-12-01 03:47:32
166,Pechora,65.1472,57.2244,15.46,96,100,5.3,RU,snow,2021-12-01 03:47:32
167,Onalaska,43.8844,-91.2351,37.45,71,1,5.75,US,clear sky,2021-12-01 03:47:32
168,Olafsvik,64.8945,-23.7142,29.64,56,78,6.24,IS,broken clouds,2021-12-01 03:47:33
169,Aksu,41.1231,80.2644,30.87,38,52,1.32,CN,broken clouds,2021-12-01 03:47:33
170,Zhigansk,66.7697,123.3711,-34.38,100,100,0.18,RU,overcast clouds,2021-12-01 03:47:34
171,Cordoba,-31.4135,-64.1811,67.05,77,75,24.16,AR,light rain,2021-12-01 03:47:34
172,Eskisehir,39.7767,30.5206,35.51,100,75,6.91,TR,broken clouds,2021-12-01 03:47:34
173,Harper,4.375,-7.7169,78.04,87,87,3.85,LR,light rain,2021-12-01 03:47:35
174,Araguacu,-12.9306,-49.8264,73.78,92,93,3.83,BR,overcast clouds,2021-12-01 03:47:35
175,Valparaiso,-33.0393,-71.6273,56.32,82,0,5.75,CL,clear sky,2021-12-01 03:47:36
176,Namibe,-15.1961,12.1522,68.07,85,100,2.21,AO,overcast clouds,2021-12-01 03:43:05
177,Coquimbo,-29.9533,-71.3436,56.93,82,0,0.0,CL,clear sky,2021-12-01 03:47:36
178,Florence,43.7667,11.25,47.37,79,75,4.61,IT,broken clouds,2021-12-01 03:42:58
179,Nizhnevartovsk,60.9344,76.5531,14.02,92,90,17.9,RU,heavy snow,2021-12-01 03:47:37
180,Candabong,9.7343,124.5383,84.99,72,100,4.59,PH,moderate rain,2021-12-01 03:47:37
181,Kieta,-6.2167,155.6333,83.37,75,89,2.35,PG,light rain,2021-12-01 03:47:38
182,Sakata,38.9167,139.855,50.18,87,75,25.32,JP,broken clouds,2021-12-01 03:48:38
183,Tonshayevo,57.736,47.0127,28.56,85,100,13.82,RU,overcast clouds,2021-12-01 03:48:39
184,Ugoofaaru,5.6667,73.0,81.66,78,16,8.19,MV,few clouds,2021-12-01 03:48:39
185,Fortuna,40.5982,-124.1573,52.36,74,90,3.0,US,overcast clouds,2021-12-01 03:48:39
186,North Platte,41.1239,-100.7654,47.37,61,1,1.99,US,clear sky,2021-12-01 03:44:19
187,Hasaki,35.7333,140.8333,68.4,53,79,21.77,JP,broken clouds,2021-12-01 03:48:40
188,Solnechnyy,50.7214,136.6319,7.5,91,100,16.78,RU,snow,2021-12-01 03:48:40
189,Pangnirtung,66.1451,-65.7125,13.03,95,100,4.76,CA,overcast clouds,2021-12-01 03:48:41
190,Avarua,-21.2078,-159.775,77.05,83,75,11.5,CK,light rain,2021-12-01 03:43:52
191,Varnavino,57.4035,45.0916,28.09,91,100,14.0,RU,light snow,2021-12-01 03:48:41
192,Naantali,60.4674,22.0243,24.37,74,20,6.91,FI,few clouds,2021-12-01 03:48:42
193,Kaeo,-35.1,173.7833,76.32,62,100,5.23,NZ,overcast clouds,2021-12-01 03:48:42
194,Bathsheba,13.2167,-59.5167,79.41,94,75,20.71,BB,broken clouds,2021-12-01 03:48:43
195,Mount Gambier,-37.8333,140.7667,76.91,47,3,9.22,AU,clear sky,2021-12-01 03:48:43
196,Iquitos,-3.7481,-73.2472,78.84,89,75,0.0,PE,broken clouds,2021-12-01 03:48:43
197,Nikki,9.9401,3.2108,71.56,24,41,4.61,BJ,scattered clouds,2021-12-01 03:48:44
198,Ereymentau,51.6199,73.1033,14.02,80,4,7.47,KZ,clear sky,2021-12-01 03:48:44
199,Esperance,-33.8667,121.9,73.24,52,55,12.46,AU,broken clouds,2021-12-01 03:48:44
200,Apatity,67.5641,33.4031,19.56,83,100,14.18,RU,light snow,2021-12-01 03:48:45
201,Richards Bay,-28.783,32.0377,71.24,79,100,12.41,ZA,overcast clouds,2021-12-01 03:48:45
202,Bengkulu,-3.8004,102.2655,83.53,66,77,7.61,ID,broken clouds,2021-12-01 03:48:46
203,Vieira De Leiria,39.8695,-8.9324,51.31,93,6,3.44,PT,mist,2021-12-01 03:48:46
204,Adrar,20.5022,-10.0711,61.65,19,98,10.63,MR,overcast clouds,2021-12-01 03:48:47
205,Llanes,43.4198,-4.7549,57.88,75,100,10.31,ES,overcast clouds,2021-12-01 03:48:47
206,Lucapa,-8.4192,20.7447,62.82,97,99,2.48,AO,overcast clouds,2021-12-01 03:48:47
207,Cherskiy,68.75,161.3,-15.66,98,100,5.79,RU,overcast clouds,2021-12-01 03:48:48
208,Lulea,65.5842,22.1547,1.47,85,10,12.66,SE,clear sky,2021-12-01 03:48:48
209,Kintampo,8.0563,-1.7306,74.14,71,94,3.31,GH,overcast clouds,2021-12-01 03:48:49
210,Anadyr,64.75,177.4833,3.7,77,75,28.99,RU,light snow,2021-12-01 03:48:49
211,Umm Kaddadah,13.6017,26.6876,74.01,28,2,19.91,SD,clear sky,2021-12-01 03:48:50
212,Khuzdar,27.7384,66.6434,59.02,26,33,2.39,PK,scattered clouds,2021-12-01 03:47:55
213,Ambulu,-8.345,113.6058,83.16,73,99,2.57,ID,light rain,2021-12-01 03:48:50
214,Broome,42.2506,-75.833,37.02,77,90,3.0,US,light snow,2021-12-01 03:48:50
215,Yate,51.5407,-2.4184,50.74,88,94,1.99,GB,overcast clouds,2021-12-01 03:48:51
216,Nhulunbuy,-12.2333,136.7667,92.01,58,75,12.66,AU,broken clouds,2021-12-01 03:48:51
217,Cidreira,-30.1811,-50.2056,66.6,87,2,10.65,BR,clear sky,2021-12-01 03:48:52
218,Balkanabat,39.5108,54.3671,67.87,22,21,8.75,TM,few clouds,2021-12-01 03:48:52
219,Nabire,-3.3667,135.4833,81.1,79,96,1.19,ID,overcast clouds,2021-12-01 03:48:52
220,Thompson,55.7435,-97.8558,-0.24,78,90,3.44,CA,light snow,2021-12-01 03:45:24
221,Port Blair,11.6667,92.75,79.02,88,100,19.77,IN,heavy intensity rain,2021-12-01 03:48:53
222,Chaman,30.9236,66.4512,56.07,31,7,1.88,PK,clear sky,2021-12-01 03:44:19
223,Manzhouli,49.6,117.4333,16.72,77,20,12.08,CN,few clouds,2021-12-01 03:48:54
224,Kruisfontein,-34.0033,24.7314,60.89,83,32,3.67,ZA,scattered clouds,2021-12-01 03:48:54
225,Krasnoshchekovo,51.6708,82.7289,17.64,83,4,5.23,RU,clear sky,2021-12-01 03:48:54
226,Savinka,50.0785,47.0994,45.77,96,100,18.9,RU,overcast clouds,2021-12-01 03:48:55
227,Chernyshevskiy,63.0128,112.4714,-8.14,97,100,7.58,RU,light snow,2021-12-01 03:48:55
228,Zhanakorgan,43.9098,67.2495,45.55,40,0,7.4,KZ,clear sky,2021-12-01 03:48:56
229,Arona,28.0996,-16.681,61.39,56,20,9.22,ES,few clouds,2021-12-01 03:48:56
230,Tuatapere,-46.1333,167.6833,68.83,58,5,7.16,NZ,clear sky,2021-12-01 03:48:56
231,Ialibu,-6.2821,143.9935,72.23,82,100,2.82,PG,overcast clouds,2021-12-01 03:48:57
232,Victoria,22.2855,114.1577,70.18,40,22,1.01,HK,few clouds,2021-12-01 03:48:03
233,Marsabit,2.3284,37.9899,64.99,70,64,5.97,KE,broken clouds,2021-12-01 03:48:57
234,Islahiye,37.025,36.6306,55.18,86,91,5.48,TR,light rain,2021-12-01 03:48:58
235,Brazzaville,-4.2658,15.2832,73.76,94,40,6.91,CG,thunderstorm with light rain,2021-12-01 03:48:58
236,Qaanaaq,77.484,-69.3632,2.89,76,69,7.47,GL,broken clouds,2021-12-01 03:48:59
237,Pacific Grove,36.6177,-121.9166,64.17,61,1,5.75,US,clear sky,2021-12-01 03:48:59
238,Dapdap,12.062,125.4881,83.7,77,100,12.17,PH,overcast clouds,2021-12-01 03:48:59
239,Mar Del Plata,-38.0023,-57.5575,59.88,74,0,1.01,AR,clear sky,2021-12-01 03:47:43
240,Taizhou,32.4933,119.9106,49.89,33,53,8.77,CN,broken clouds,2021-12-01 03:49:00
241,Chokurdakh,70.6333,147.9167,-14.4,99,100,6.67,RU,overcast clouds,2021-12-01 03:49:00
242,Tautira,-17.7333,-149.15,84.22,75,100,20.62,PF,overcast clouds,2021-12-01 03:49:01
243,Mercedes,-34.6515,-59.4307,64.83,85,84,8.52,AR,broken clouds,2021-12-01 03:49:01
244,Saskylakh,71.9167,114.0833,-39.73,100,83,4.47,RU,broken clouds,2021-12-01 03:47:59
245,Billings,45.7833,-108.5007,50.5,60,40,19.57,US,scattered clouds,2021-12-01 03:45:24
246,Hualmay,-11.0964,-77.6139,65.08,87,95,7.47,PE,overcast clouds,2021-12-01 03:49:02
247,Ordzhonikidze,52.4411,61.7408,29.82,76,100,14.99,KZ,overcast clouds,2021-12-01 03:49:02
248,Batticaloa,7.7102,81.6924,82.62,68,18,7.49,LK,few clouds,2021-12-01 03:49:03
249,Denpasar,-8.65,115.2167,78.46,94,75,4.61,ID,thunderstorm with light rain,2021-12-01 03:49:03
250,Omboue,-1.5746,9.2618,77.34,91,98,6.49,GA,light rain,2021-12-01 03:49:03
251,Pangody,65.85,74.4859,-2.38,92,100,11.12,RU,overcast clouds,2021-12-01 03:49:04
252,Atasu,48.6814,71.6433,13.53,85,4,5.37,KZ,clear sky,2021-12-01 03:49:04
253,Longyearbyen,78.2186,15.6401,6.64,61,0,17.27,SJ,clear sky,2021-12-01 03:49:04
254,Port-Cartier,50.0334,-66.8654,21.42,63,4,9.57,CA,clear sky,2021-12-01 03:49:05
255,San Patricio,28.017,-97.5169,67.84,77,95,6.53,US,overcast clouds,2021-12-01 03:49:05
256,Isabela,6.7085,121.9711,84.25,71,70,9.08,PH,broken clouds,2021-12-01 03:49:05
257,Eureka,40.8021,-124.1637,52.63,92,24,1.01,US,few clouds,2021-12-01 03:46:48
258,Faanui,-16.4833,-151.75,81.59,75,100,21.97,PF,overcast clouds,2021-12-01 03:47:48
259,Tymovskoye,50.8456,142.655,32.99,81,100,11.21,RU,snow,2021-12-01 03:49:06
260,Atakpame,7.5333,1.1333,74.23,81,62,1.95,TG,broken clouds,2021-12-01 03:49:07
261,Vaitape,-16.5167,-151.75,81.61,75,100,21.94,PF,overcast clouds,2021-12-01 03:49:07
262,Baghdad,33.3406,44.4009,57.11,58,0,9.22,IQ,clear sky,2021-12-01 03:45:44
263,Kikwit,-5.041,18.8162,70.23,99,100,1.36,CD,light rain,2021-12-01 03:49:08
264,Kisangani,0.5167,25.2,68.97,100,100,1.3,CD,moderate rain,2021-12-01 03:49:08
265,Hobyo,5.3505,48.5268,79.75,66,86,18.14,SO,overcast clouds,2021-12-01 03:49:08
266,Sao Filipe,14.8961,-24.4956,73.72,69,100,13.87,CV,overcast clouds,2021-12-01 03:47:42
267,Lavrentiya,65.5833,-171.0,-14.13,87,2,8.77,RU,clear sky,2021-12-01 03:49:09
268,Severobaykalsk,55.65,109.3167,24.71,82,100,8.12,RU,light snow,2021-12-01 03:49:09
269,Mocuba,-16.8392,36.9856,74.25,81,1,3.65,MZ,clear sky,2021-12-01 03:49:10
270,Arawa,-6.2132,155.5367,84.43,75,79,3.4,PG,light rain,2021-12-01 03:49:10
271,Bay Roberts,47.5999,-53.2648,41.32,89,44,8.99,CA,light rain,2021-12-01 03:49:11
272,Sao Miguel Do Araguaia,-13.275,-50.1628,73.36,91,94,4.56,BR,overcast clouds,2021-12-01 03:49:11
273,San Quintin,30.4833,-115.95,60.49,79,0,2.1,MX,clear sky,2021-12-01 03:50:12
274,Mandalgovi,45.7625,106.2708,24.48,38,12,8.23,MN,few clouds,2021-12-01 03:50:12
275,Dawlatabad,36.4141,64.9053,57.83,35,0,1.3,AF,clear sky,2021-12-01 03:50:12
276,Ahipara,-35.1667,173.1667,70.54,63,100,5.23,NZ,overcast clouds,2021-12-01 03:50:13
277,Yeppoon,-23.1333,150.7333,87.58,70,42,8.23,AU,scattered clouds,2021-12-01 03:50:13
278,Cuamba,-14.8031,36.5372,74.86,75,0,4.25,MZ,light rain,2021-12-01 03:50:13
279,Talaya,61.3833,152.75,-38.99,100,60,1.39,RU,broken clouds,2021-12-01 03:47:56
280,Derzhavinsk,51.1,66.3167,21.69,74,100,9.04,KZ,overcast clouds,2021-12-01 03:50:14
281,Galeana,24.8333,-100.0667,56.32,83,100,1.61,MX,overcast clouds,2021-12-01 03:50:14
282,Makakilo City,21.3469,-158.0858,82.72,65,1,4.61,US,clear sky,2021-12-01 03:48:46
283,Kharan,28.5833,65.4167,64.15,25,15,1.66,PK,few clouds,2021-12-01 03:50:15
284,Khatanga,71.9667,102.5,-36.87,99,93,4.76,RU,overcast clouds,2021-12-01 03:46:18
285,Alofi,-19.0595,-169.9187,82.29,65,75,18.41,NU,broken clouds,2021-12-01 03:50:15
286,Karratha,-20.7377,116.8463,100.36,23,1,14.81,AU,clear sky,2021-12-01 03:50:16
287,Namatanai,-3.6667,152.4333,85.6,63,34,8.9,PG,scattered clouds,2021-12-01 03:50:16
288,Verkhniy Avzyan,53.5289,57.5372,35.92,94,100,6.31,RU,overcast clouds,2021-12-01 03:50:17
289,Upernavik,72.7868,-56.1549,22.62,86,98,4.85,GL,overcast clouds,2021-12-01 03:46:39
290,Port Hedland,-20.3167,118.5667,109.45,7,2,12.66,AU,clear sky,2021-12-01 03:50:17
291,Grand-Lahou,5.1367,-5.0242,78.96,82,88,3.36,CI,overcast clouds,2021-12-01 03:50:18
292,Quang Ngai,15.1167,108.8,74.98,79,70,14.29,VN,broken clouds,2021-12-01 03:50:18
293,Guerrero Negro,27.9769,-114.0611,62.76,86,0,7.85,MX,clear sky,2021-12-01 03:50:18
294,Phonhong,18.5007,102.4166,76.82,55,89,1.77,LA,overcast clouds,2021-12-01 03:50:19
295,Winslow,35.0242,-110.6974,39.38,41,1,4.61,US,clear sky,2021-12-01 03:50:19
296,Bethel,41.3712,-73.414,39.04,81,90,5.75,US,overcast clouds,2021-12-01 03:50:07
297,Georgetown,5.4112,100.3354,86.9,79,40,1.01,MY,scattered clouds,2021-12-01 03:50:20
298,Guarapari,-20.6667,-40.4975,75.09,90,100,3.89,BR,overcast clouds,2021-12-01 03:50:20
299,Kutum,14.2,24.6667,64.47,33,2,11.63,SD,clear sky,2021-12-01 03:50:20
300,Ballina,-28.8667,153.5667,75.38,94,90,10.36,AU,overcast clouds,2021-12-01 03:50:21
301,Balkhash,46.844,74.9804,21.81,79,0,15.66,KZ,clear sky,2021-12-01 03:50:21
302,Miramar,25.9873,-80.2323,72.99,74,1,3.44,US,clear sky,2021-12-01 03:50:22
303,Hegra,63.4644,11.114,29.52,96,100,4.41,NO,light snow,2021-12-01 03:50:22
304,Cockburn Town,21.4612,-71.1419,79.39,76,80,15.03,TC,broken clouds,2021-12-01 03:50:22
305,Wellington,-41.2866,174.7756,66.65,65,17,5.99,NZ,few clouds,2021-12-01 03:50:23
306,Road Town,18.4167,-64.6167,80.69,76,56,18.12,VG,broken clouds,2021-12-01 03:50:04
307,Zermatt,46.0213,7.7491,26.33,76,81,2.75,CH,broken clouds,2021-12-01 03:50:23
308,Pitiquito,30.7,-112.0833,69.31,27,2,3.0,MX,clear sky,2021-12-01 03:50:24
309,Skibbereen,51.55,-9.2667,46.2,77,22,22.66,IE,few clouds,2021-12-01 03:50:24
310,Ceres,37.5949,-120.9577,61.56,78,1,0.0,US,haze,2021-12-01 03:50:24
311,Dunedin,-45.8742,170.5036,53.65,91,100,14.43,NZ,overcast clouds,2021-12-01 03:50:25
312,Lodwar,3.1191,35.5973,77.77,53,66,3.98,KE,broken clouds,2021-12-01 03:50:25
313,Tashtyp,52.7939,89.8983,25.72,75,16,3.62,RU,few clouds,2021-12-01 03:50:26
314,Peniche,39.3558,-9.3811,52.61,68,0,1.57,PT,clear sky,2021-12-01 03:50:26
315,Puerto Baquerizo Moreno,-0.9,-89.6,67.73,92,33,9.24,EC,scattered clouds,2021-12-01 03:50:26
316,Paamiut,61.994,-49.6678,41.7,85,100,44.52,GL,moderate rain,2021-12-01 03:50:27
317,Muroto,33.2833,134.15,57.24,52,4,24.99,JP,clear sky,2021-12-01 03:50:27
318,Maarianhamina,60.0973,19.9348,28.26,69,90,8.05,AX,light shower snow,2021-12-01 03:50:28
319,Visby,57.6409,18.296,29.86,64,75,12.66,SE,broken clouds,2021-12-01 03:50:28
320,Yar-Sale,66.8333,70.8333,-1.17,99,100,9.6,RU,overcast clouds,2021-12-01 03:50:29
321,Ciudad Bolivar,8.1222,-63.5497,76.68,85,100,8.52,VE,overcast clouds,2021-12-01 03:50:29
322,Morgan City,29.6994,-91.2068,52.0,100,1,0.0,US,clear sky,2021-12-01 03:50:29
323,La Orilla,17.9833,-102.2333,76.62,84,81,4.63,MX,broken clouds,2021-12-01 03:50:30
324,Xichang,27.8964,102.2634,55.96,67,100,3.31,CN,overcast clouds,2021-12-01 03:50:30
325,Okhotsk,59.3833,143.3,-12.84,85,12,14.47,RU,few clouds,2021-12-01 03:50:31
326,Cayenne,4.9333,-52.3333,77.09,91,0,0.0,GF,moderate rain,2021-12-01 03:50:31
327,Dawson Creek,55.7666,-120.2362,46.04,57,1,31.07,CA,clear sky,2021-12-01 03:50:32
328,Uppsala,60.0,17.75,17.42,92,90,5.75,SE,overcast clouds,2021-12-01 03:50:32
329,Monze,-16.2833,27.4833,68.41,31,3,7.05,ZM,clear sky,2021-12-01 03:50:32
330,Phuthaditjhaba,-28.5242,28.8158,59.59,76,12,1.81,ZA,few clouds,2021-12-01 03:50:33
331,Moen,69.1304,18.6123,11.44,77,11,0.0,NO,few clouds,2021-12-01 03:50:33
332,Evensk,61.95,159.2333,-4.04,88,100,9.33,RU,overcast clouds,2021-12-01 03:50:33
333,Portland,45.5234,-122.6762,58.55,87,90,1.01,US,overcast clouds,2021-12-01 03:50:34
334,Katsuura,35.1333,140.3,68.14,55,68,35.93,JP,broken clouds,2021-12-01 03:50:34
335,Kavieng,-2.5744,150.7967,85.59,64,45,9.4,PG,scattered clouds,2021-12-01 03:50:35
336,Stykkisholmur,65.0757,-22.7297,26.6,67,88,8.08,IS,overcast clouds,2021-12-01 03:50:35
337,Khandagayty,50.7333,92.05,13.48,89,84,1.14,RU,broken clouds,2021-12-01 03:50:35
338,Murgab,37.4966,61.9714,49.87,43,40,11.5,TM,scattered clouds,2021-12-01 03:50:36
339,Bambanglipuro,-7.95,110.2833,84.58,68,72,9.75,ID,broken clouds,2021-12-01 03:50:36
340,Bathurst,-33.4166,149.5806,73.85,75,34,3.0,AU,light rain,2021-12-01 03:50:37
341,Laguna,38.421,-121.4238,62.96,92,1,0.0,US,mist,2021-12-01 03:48:59
342,Semey,50.4111,80.2275,17.82,79,0,4.47,KZ,clear sky,2021-12-01 03:50:37
343,Gazojak,41.1875,61.4036,49.28,44,71,13.56,TM,broken clouds,2021-12-01 03:50:38
344,Birao,10.2849,22.7882,70.63,28,26,4.68,CF,scattered clouds,2021-12-01 03:50:38
345,Shingu,33.7333,135.9833,54.59,56,5,16.87,JP,clear sky,2021-12-01 03:50:38
346,Neiafu,-18.65,-173.9833,81.28,78,40,5.75,TO,scattered clouds,2021-12-01 03:50:39
347,Dickinson,29.4608,-95.0513,62.94,92,1,1.01,US,clear sky,2021-12-01 03:50:00
348,Batesville,35.7698,-91.641,52.95,75,1,3.0,US,clear sky,2021-12-01 03:50:39
349,Itarema,-2.9248,-39.9167,79.57,78,47,10.87,BR,scattered clouds,2021-12-01 03:50:40
350,Port Augusta,-32.5,137.7667,99.72,35,2,14.27,AU,clear sky,2021-12-01 03:50:40
351,Souillac,-20.5167,57.5167,81.36,69,40,4.61,MU,scattered clouds,2021-12-01 03:50:41
352,Sangar,63.9242,127.4739,-13.11,87,100,11.14,RU,overcast clouds,2021-12-01 03:50:41
353,Champerico,14.3,-91.9167,81.03,76,0,4.45,GT,clear sky,2021-12-01 03:50:41
354,Kostino,58.9097,53.2691,35.19,80,99,14.38,RU,overcast clouds,2021-12-01 03:50:42
355,Abaete,-19.16,-45.4458,70.88,89,93,2.01,BR,overcast clouds,2021-12-01 03:50:42
356,Vodstroy,48.8416,44.5579,39.49,100,90,22.37,RU,overcast clouds,2021-12-01 03:50:42
357,Yulara,-25.2406,130.9889,100.24,8,0,8.05,AU,clear sky,2021-12-01 03:50:43
358,Sao Felix Do Xingu,-6.6447,-51.995,71.69,98,88,1.19,BR,overcast clouds,2021-12-01 03:50:43
359,Kaitangata,-46.2817,169.8464,58.93,77,99,14.03,NZ,overcast clouds,2021-12-01 03:49:02
360,Port Lincoln,-34.7333,135.8667,66.58,61,6,13.13,AU,clear sky,2021-12-01 03:50:44
361,Grindavik,63.8424,-22.4338,28.87,74,75,6.91,IS,broken clouds,2021-12-01 03:50:44
362,Boa Vista,2.8197,-60.6733,80.58,78,75,10.36,BR,broken clouds,2021-12-01 03:47:51
363,Moree,-29.4667,149.85,80.62,65,90,6.91,AU,overcast clouds,2021-12-01 03:50:45
364,Huarmey,-10.0681,-78.1522,65.93,85,82,7.05,PE,broken clouds,2021-12-01 03:47:39
365,Touros,-5.1989,-35.4608,79.7,80,47,10.45,BR,scattered clouds,2021-12-01 03:50:45
366,Mezen,65.8522,44.24,16.66,89,100,12.8,RU,overcast clouds,2021-12-01 03:50:45
367,Tecoanapa,16.5167,-98.75,78.1,81,16,3.58,MX,few clouds,2021-12-01 03:50:46
368,Praia,14.9215,-23.5087,72.14,73,20,16.11,CV,few clouds,2021-12-01 03:50:46
369,Aranos,-24.1333,19.1167,69.73,19,0,9.55,NA,clear sky,2021-12-01 03:51:47
370,Lorengau,-2.0226,147.2712,85.78,63,11,6.78,PG,few clouds,2021-12-01 03:51:47
371,Coihaique,-45.5752,-72.0662,48.81,76,0,2.3,CL,clear sky,2021-12-01 03:51:47
372,Casal Di Principe,41.0114,14.1248,51.19,77,26,2.93,IT,scattered clouds,2021-12-01 03:51:48
373,Bima,-8.4667,118.7167,82.2,77,100,4.56,ID,light rain,2021-12-01 03:51:48
374,Manoel Urbano,-8.8389,-69.2597,71.13,95,100,1.63,BR,overcast clouds,2021-12-01 03:51:49
375,Koani,-6.1333,39.2833,76.62,94,40,0.0,TZ,scattered clouds,2021-12-01 03:51:49
376,Aksarka,66.5606,67.7975,1.2,94,100,10.65,RU,overcast clouds,2021-12-01 03:51:50
377,Hami,42.8,93.45,27.55,56,0,3.27,CN,clear sky,2021-12-01 03:51:19
378,Yaan,7.3833,8.5667,72.59,42,46,3.11,NG,scattered clouds,2021-12-01 03:51:11
379,Cap Malheureux,-19.9842,57.6142,81.46,62,1,5.99,MU,clear sky,2021-12-01 03:50:03
380,Mehamn,71.0357,27.8492,30.81,70,100,20.2,NO,light snow,2021-12-01 03:51:50
381,Padang,-0.9492,100.3543,86.05,64,55,5.64,ID,broken clouds,2021-12-01 03:50:54
382,Doka,13.5167,35.7667,74.97,30,0,10.36,SD,clear sky,2021-12-01 03:51:51
383,Hare Bay,48.8499,-54.0148,34.95,68,45,19.39,CA,scattered clouds,2021-12-01 03:51:51
384,Doha,25.2867,51.5333,69.78,78,0,1.14,QA,clear sky,2021-12-01 03:51:52
385,Kautokeino,69.0125,23.0412,8.85,96,100,9.98,NO,light snow,2021-12-01 03:51:52
386,East London,-33.0153,27.9116,63.54,94,75,2.3,ZA,broken clouds,2021-12-01 03:51:52
387,Ternate,0.8,127.4,82.78,74,99,6.44,ID,moderate rain,2021-12-01 03:51:53
388,Wakkanai,45.4094,141.6739,48.18,93,75,12.66,JP,light intensity shower rain,2021-12-01 03:51:53
389,Edd,13.9297,41.6925,79.74,57,0,6.87,ER,clear sky,2021-12-01 03:51:54
390,Malartic,48.1335,-78.1328,26.71,90,100,8.32,CA,light snow,2021-12-01 03:50:40
391,Baicheng,45.6167,122.8167,21.29,62,3,8.75,CN,clear sky,2021-12-01 03:51:54
392,Half Moon Bay,37.4636,-122.4286,65.26,69,20,1.01,US,few clouds,2021-12-01 03:51:05
393,Willmar,45.1219,-95.0433,38.79,87,1,9.22,US,clear sky,2021-12-01 03:51:55
394,Bayir,37.2687,28.2167,39.72,91,6,4.81,TR,clear sky,2021-12-01 03:51:55
395,Salvador,13.8333,-88.9167,64.53,80,0,3.8,SV,clear sky,2021-12-01 03:51:55
396,Isangel,-19.55,169.2667,86.11,74,75,6.91,VU,broken clouds,2021-12-01 03:51:56
397,San Cristobal,7.7669,-72.225,71.78,91,42,1.77,VE,scattered clouds,2021-12-01 03:51:56
398,Darhan,49.4867,105.9228,16.0,79,43,8.7,MN,scattered clouds,2021-12-01 03:51:57
399,Ben Tre,10.2333,106.3833,84.15,65,82,4.21,VN,light rain,2021-12-01 03:51:57
400,Ust-Omchug,61.15,149.6333,-37.34,99,40,2.06,RU,scattered clouds,2021-12-01 03:51:57
401,Miyazu,35.5333,135.1833,46.6,63,89,18.54,JP,overcast clouds,2021-12-01 03:51:58
402,Nanakuli,21.3906,-158.1547,84.15,61,1,4.61,US,clear sky,2021-12-01 03:51:58
403,Sao Desiderio,-12.3633,-44.9733,73.51,83,100,2.46,BR,overcast clouds,2021-12-01 03:51:59
404,Vredefort,-27.0081,27.3646,64.94,64,13,8.39,ZA,few clouds,2021-12-01 03:51:59
405,Imbituba,-28.24,-48.6703,73.29,83,4,4.54,BR,clear sky,2021-12-01 03:52:00
406,Laureles,26.1092,-97.4941,65.95,90,75,3.44,US,broken clouds,2021-12-01 03:52:00
407,Coahuayana,18.7333,-103.6833,74.37,92,67,3.13,MX,broken clouds,2021-12-01 03:52:00
408,Ishigaki,24.3448,124.1572,68.13,49,40,20.71,JP,scattered clouds,2021-12-01 03:52:01
409,Soubre,5.7856,-6.6083,72.3,99,76,2.15,CI,broken clouds,2021-12-01 03:52:01
410,Vostok,46.4856,135.8833,8.46,96,100,15.14,RU,snow,2021-12-01 03:52:02
411,Kloulklubed,7.0419,134.2556,84.61,77,68,19.01,PW,heavy intensity rain,2021-12-01 03:52:02
412,Okha,53.5739,142.9478,23.59,86,100,22.79,RU,light snow,2021-12-01 03:52:02
413,Poitiers,46.5833,0.3333,52.79,47,90,12.66,FR,overcast clouds,2021-12-01 03:52:03
414,Freetown,8.484,-13.2299,78.67,80,15,2.66,SL,few clouds,2021-12-01 03:52:03
415,Northam,51.0333,-4.2167,50.4,84,52,27.65,GB,broken clouds,2021-12-01 03:52:03
416,Carutapera,-1.195,-46.02,78.06,87,46,5.37,BR,scattered clouds,2021-12-01 03:52:04
417,Sabang,5.8933,95.3214,82.2,72,83,20.18,ID,broken clouds,2021-12-01 03:52:04
418,Maloy,61.9353,5.1136,31.73,93,95,5.53,NO,light snow,2021-12-01 03:52:05
419,La Ronge,55.1001,-105.2842,23.25,86,90,4.61,CA,overcast clouds,2021-12-01 03:51:21
420,Skvyra,49.7318,29.6657,30.27,95,100,14.54,UA,snow,2021-12-01 03:52:05
421,Pyaozerskiy,65.8333,31.1667,19.18,92,100,13.11,RU,light snow,2021-12-01 03:52:06
422,Batemans Bay,-35.7167,150.1833,85.98,64,38,12.35,AU,light rain,2021-12-01 03:51:22
423,Henties Bay,-22.116,14.2845,57.85,93,6,4.97,NA,clear sky,2021-12-01 03:52:06
424,Cape Canaveral,28.4058,-80.6048,63.03,85,75,6.91,US,broken clouds,2021-12-01 03:52:07
425,Miranda,3.2499,-76.2281,66.33,91,100,2.39,CO,overcast clouds,2021-12-01 03:52:07
426,Ponta Do Sol,32.6667,-17.1,62.01,82,84,6.62,PT,broken clouds,2021-12-01 03:48:51
427,Tagusao,9.1924,117.8141,84.42,72,81,5.7,PH,broken clouds,2021-12-01 03:52:07
428,Palm Coast,29.585,-81.2078,56.07,85,2,1.99,US,clear sky,2021-12-01 03:51:37
429,Salina Cruz,16.1667,-95.2,75.7,71,3,19.06,MX,clear sky,2021-12-01 03:52:08
430,Kabare,-2.4683,28.8242,60.13,92,100,1.52,CD,overcast clouds,2021-12-01 03:52:08
431,Rio Verde De Mato Grosso,-18.9181,-54.8442,75.27,84,93,2.73,BR,overcast clouds,2021-12-01 03:52:09
432,Darab,28.7519,54.5444,57.22,38,0,1.54,IR,clear sky,2021-12-01 03:52:09
433,Pedasi,7.5333,-80.0333,75.07,88,100,3.78,PA,overcast clouds,2021-12-01 03:52:10
434,Srednekolymsk,67.45,153.6833,-22.4,99,98,8.72,RU,overcast clouds,2021-12-01 03:47:45
435,Waling,27.9833,83.7667,67.68,51,64,2.35,NP,broken clouds,2021-12-01 03:52:10
436,Erzin,36.9559,36.2,59.72,72,83,23.4,TR,broken clouds,2021-12-01 03:52:11
437,Yarega,63.4354,53.5765,20.19,96,100,6.17,RU,light snow,2021-12-01 03:52:11
438,Ahuimanu,21.4447,-157.8378,83.91,73,20,10.36,US,light rain,2021-12-01 03:52:11
439,Sandviken,60.6167,16.7667,12.69,88,32,3.2,SE,scattered clouds,2021-12-01 03:52:12
440,Benghazi,32.1167,20.0667,63.23,57,62,18.99,LY,broken clouds,2021-12-01 03:52:12
441,Savannakhet,16.566,104.751,77.02,65,40,6.91,LA,scattered clouds,2021-12-01 03:52:13
442,Marsa Matruh,31.3525,27.2453,63.46,65,99,18.9,EG,overcast clouds,2021-12-01 03:52:13
443,Hofn,64.2539,-15.2082,29.73,67,100,17.31,IS,overcast clouds,2021-12-01 03:52:13
444,Ilhabela,-23.7781,-45.3581,71.89,94,15,2.84,BR,few clouds,2021-12-01 03:52:14
445,Palmerston,-12.486,130.9833,99.03,61,20,10.36,AU,few clouds,2021-12-01 03:52:14
446,Kabo,7.6994,18.629,74.59,65,81,4.14,CF,broken clouds,2021-12-01 03:52:15
447,Senanga,-16.1167,23.2667,74.03,43,92,6.15,ZM,overcast clouds,2021-12-01 03:52:15
448,Sorokino,53.75,84.9167,9.39,92,75,4.79,RU,broken clouds,2021-12-01 03:52:15
449,Sao Raimundo Nonato,-9.0153,-42.6994,74.26,82,84,0.74,BR,broken clouds,2021-12-01 03:52:16
450,Tessalit,20.1986,1.0114,71.26,17,99,8.77,ML,overcast clouds,2021-12-01 03:52:16
451,Narrabri,-30.3167,149.7833,82.49,47,40,9.22,AU,light rain,2021-12-01 03:52:17
452,Artyom,40.4723,50.333,64.54,85,82,20.31,AZ,broken clouds,2021-12-01 03:52:17
453,Matara,5.9485,80.5353,82.24,74,31,4.12,LK,scattered clouds,2021-12-01 03:52:17
454,Palembang,-2.9167,104.7458,87.89,55,20,5.75,ID,few clouds,2021-12-01 03:52:18
455,Polunochnoye,60.8697,60.4153,19.45,97,100,1.86,RU,overcast clouds,2021-12-01 03:52:18
456,Popondetta,-8.7537,148.2534,89.13,57,90,6.26,PG,overcast clouds,2021-12-01 03:52:19
457,Nerchinskiy Zavod,51.3088,119.61,4.26,88,100,5.73,RU,overcast clouds,2021-12-01 03:52:19
458,Nuuk,64.1835,-51.7216,23.99,89,100,12.73,GL,light snow,2021-12-01 03:52:19
459,Bien Hoa,10.95,106.8167,84.18,67,82,4.47,VN,broken clouds,2021-12-01 03:50:31
460,Marzuq,14.4,46.4667,59.05,29,1,2.44,YE,clear sky,2021-12-01 03:52:20
461,Bullhead City,35.1478,-114.5683,75.49,16,1,17.27,US,clear sky,2021-12-01 03:48:20
462,Leningradskiy,69.3833,178.4167,-21.93,96,79,10.67,RU,broken clouds,2021-12-01 03:52:20
463,Seoul,37.5683,126.9778,36.84,36,20,19.57,KR,few clouds,2021-12-01 03:51:26
464,Sept-Iles,50.2001,-66.3821,21.72,53,20,6.91,CA,few clouds,2021-12-01 03:48:26
465,Yumen,40.2833,97.2,25.97,48,78,20.29,CN,broken clouds,2021-12-01 03:52:21
466,Sobolevo,54.4299,31.8996,23.25,90,100,12.19,RU,overcast clouds,2021-12-01 03:53:21
467,Hambantota,6.1241,81.1185,80.94,89,40,4.61,LK,scattered clouds,2021-12-01 03:53:22
468,Pokhara,28.2333,83.9833,66.85,50,73,2.17,NP,broken clouds,2021-12-01 03:50:34
469,Orlik,52.5178,99.825,14.09,79,24,2.73,RU,few clouds,2021-12-01 03:53:22
470,Ingham,42.6,-84.3833,33.01,83,1,3.44,US,clear sky,2021-12-01 03:53:23
471,Guiyang,26.5833,106.7167,46.89,66,0,4.47,CN,clear sky,2021-12-01 03:50:00
472,Tura,25.5198,90.2201,76.19,45,7,0.67,IN,clear sky,2021-12-01 03:53:23
473,Porecatu,-22.7558,-51.3792,77.07,61,4,3.94,BR,clear sky,2021-12-01 03:53:24
474,Dakar,14.6937,-17.4441,69.93,94,97,4.61,SN,overcast clouds,2021-12-01 03:53:17
475,Amuntai,-2.4177,115.2494,86.86,63,100,1.52,ID,overcast clouds,2021-12-01 03:53:24
476,Maniitsoq,65.4167,-52.9,30.33,74,100,13.98,GL,light snow,2021-12-01 03:53:25
477,Mahajanga,-15.7167,46.3167,77.02,94,20,4.61,MG,few clouds,2021-12-01 03:53:25
478,Kamaishi,39.2667,141.8833,52.75,75,100,19.53,JP,overcast clouds,2021-12-01 03:53:25
479,Bulawayo,-20.15,28.5833,69.98,41,4,6.38,ZW,clear sky,2021-12-01 03:53:26
480,Dalaba,10.7,-12.25,60.46,35,8,1.74,GN,clear sky,2021-12-01 03:53:26
481,Tongchuan,35.0806,109.0897,41.9,30,0,3.22,CN,clear sky,2021-12-01 03:53:27
482,Samarai,-10.6167,150.6667,86.25,72,95,11.48,PG,overcast clouds,2021-12-01 03:53:27
483,Laurel,39.0993,-76.8483,44.89,75,1,0.0,US,clear sky,2021-12-01 03:53:27
484,Ocos,14.5094,-92.1933,81.0,75,0,4.12,GT,clear sky,2021-12-01 03:53:28
485,Ondjiva,-17.0667,15.7333,70.14,68,94,6.29,AO,overcast clouds,2021-12-01 03:53:28
486,Moron,-34.6534,-58.6198,65.89,81,53,4.0,AR,broken clouds,2021-12-01 03:50:49
487,Yuza,39.0,139.9167,50.05,88,100,21.32,JP,overcast clouds,2021-12-01 03:53:29
488,Ust-Tsilma,65.441,52.1498,16.52,92,100,11.34,RU,light snow,2021-12-01 03:53:29
489,Aripuana,-9.1667,-60.6333,73.18,98,92,1.61,BR,overcast clouds,2021-12-01 03:53:29
490,Nanortalik,60.1432,-45.2371,37.13,89,100,31.0,GL,moderate rain,2021-12-01 03:53:30
491,Cururupu,-1.8283,-44.8683,75.56,91,80,2.64,BR,broken clouds,2021-12-01 03:50:44
492,Haines Junction,60.7522,-137.5108,-7.65,84,100,1.14,CA,overcast clouds,2021-12-01 03:53:30
493,Morehead,37.2711,-87.1764,43.14,93,1,0.0,US,clear sky,2021-12-01 03:53:31
494,La Lima,15.4333,-87.9167,73.38,94,40,5.75,HN,scattered clouds,2021-12-01 03:53:31
495,Khandyga,62.6667,135.6,-11.16,97,99,3.58,RU,overcast clouds,2021-12-01 03:53:32
496,Aasiaat,68.7098,-52.8699,23.58,86,97,14.05,GL,overcast clouds,2021-12-01 03:53:32
497,Tatawin,32.9297,10.4518,49.08,49,0,3.87,TN,clear sky,2021-12-01 03:53:32
498,Mabaruma,8.2,-59.7833,74.93,94,100,3.6,GY,overcast clouds,2021-12-01 03:53:33
499,Fort Nelson,58.8053,-122.7002,-8.01,77,90,6.91,CA,light snow,2021-12-01 03:50:26
500,Wageningen,51.9667,5.6667,50.95,95,75,24.16,NL,light rain,2021-12-01 03:53:33
501,Faya,18.3851,42.4509,45.12,36,0,4.81,SA,clear sky,2021-12-01 03:50:07
502,Gwanda,-20.9333,29.0,72.7,44,5,6.11,ZW,clear sky,2021-12-01 03:53:34
503,Valdivia,-39.8142,-73.2459,44.69,98,23,1.9,CL,few clouds,2021-12-01 03:53:34
504,Boca Do Acre,-8.7522,-67.3978,72.52,99,100,1.74,BR,light rain,2021-12-01 03:53:34
505,Tobol,52.6844,62.5794,29.14,75,100,15.28,KZ,overcast clouds,2021-12-01 03:53:35
506,Tucuma,-0.1833,-50.05,77.77,90,68,5.7,BR,broken clouds,2021-12-01 03:53:35
507,Xining,36.6167,101.7667,29.34,33,1,0.81,CN,clear sky,2021-12-01 03:53:36
508,Bandarbeyla,9.4942,50.8122,76.32,62,42,15.46,SO,scattered clouds,2021-12-01 03:53:36
509,Neuquen,-38.9516,-68.0591,76.89,36,0,10.36,AR,clear sky,2021-12-01 03:53:37
510,Severo-Kurilsk,50.6789,156.125,35.51,98,100,18.39,RU,light rain,2021-12-01 03:53:37
511,Te Anau,-45.4167,167.7167,74.16,43,5,2.73,NZ,clear sky,2021-12-01 03:53:38
512,Bronte,37.7895,14.8342,45.72,85,6,4.29,IT,clear sky,2021-12-01 03:53:38
513,Sirjan,29.452,55.6814,48.79,47,0,2.01,IR,clear sky,2021-12-01 03:53:38
514,Fairbanks,64.8378,-147.7164,3.16,75,90,3.44,US,overcast clouds,2021-12-01 03:50:16
515,Iranshahr,27.2025,60.6848,55.74,50,0,0.0,IR,clear sky,2021-12-01 03:53:39
516,College,64.8569,-147.8028,0.99,78,90,3.44,US,overcast clouds,2021-12-01 03:53:39
517,Novouzensk,50.4592,48.1431,44.51,98,100,15.39,RU,overcast clouds,2021-12-01 03:53:40
518,Dalbandin,28.8947,64.4101,60.84,29,44,7.02,PK,scattered clouds,2021-12-01 03:53:40
519,Sirathu,25.65,81.3167,70.21,32,94,2.44,IN,overcast clouds,2021-12-01 03:53:41
520,Baie-Comeau,49.2168,-68.1489,24.8,58,90,8.05,CA,overcast clouds,2021-12-01 03:50:33
521,Hanzhong,33.0728,107.0303,49.91,47,3,1.63,CN,clear sky,2021-12-01 03:53:41
522,Tiarei,-17.5333,-149.3333,84.22,77,100,20.38,PF,light rain,2021-12-01 03:53:41
523,Elat,29.5581,34.9482,64.24,63,61,5.75,IL,broken clouds,2021-12-01 03:53:42
524,Yerbogachen,61.2767,108.0108,8.94,93,100,3.69,RU,light snow,2021-12-01 03:53:42
525,Belaya Gora,68.5333,146.4167,-22.2,100,99,4.27,RU,overcast clouds,2021-12-01 03:53:42
526,Kazerun,29.6195,51.6541,59.92,30,12,2.39,IR,few clouds,2021-12-01 03:52:21
527,Naze,28.3667,129.4833,61.72,63,90,23.33,JP,overcast clouds,2021-12-01 03:53:43
528,Makaha,21.4694,-158.2175,79.93,69,1,8.05,US,clear sky,2021-12-01 03:53:43
529,Shimoda,34.6667,138.95,64.76,61,58,35.28,JP,broken clouds,2021-12-01 03:53:44
530,Luderitz,-26.6481,15.1594,58.96,83,0,14.03,NA,clear sky,2021-12-01 03:53:44
531,Atar,20.5169,-13.0499,68.09,18,100,10.51,MR,overcast clouds,2021-12-01 03:53:45
532,Lae,-6.7221,146.9847,97.47,71,45,8.59,PG,scattered clouds,2021-12-01 03:53:45
533,Oyama,36.3,139.8,68.67,43,72,9.93,JP,broken clouds,2021-12-01 03:53:45
534,Santo Antonio Do Sudoeste,-26.0736,-53.7253,59.16,74,0,3.56,BR,clear sky,2021-12-01 03:53:46
535,Kutno,52.2306,19.3641,34.11,85,100,5.86,PL,overcast clouds,2021-12-01 03:53:46
536,Rudbar,30.15,62.6,62.53,34,0,2.19,AF,clear sky,2021-12-01 03:53:46
537,Banff,51.1762,-115.5698,47.43,61,100,11.5,CA,overcast clouds,2021-12-01 03:53:47
538,Oxford,51.7522,-1.256,51.26,90,100,4.0,GB,overcast clouds,2021-12-01 03:53:47
539,Tateyama,34.9833,139.8667,69.15,45,20,32.21,JP,few clouds,2021-12-01 03:53:48
540,Ambon,-3.6954,128.1814,86.14,74,40,4.61,ID,scattered clouds,2021-12-01 03:53:48
541,Kailua,21.4022,-157.7394,80.01,73,68,14.29,US,light rain,2021-12-01 03:53:49
542,Staryy Nadym,65.6118,72.6842,0.16,92,100,14.38,RU,light snow,2021-12-01 03:53:49
543,Matamoros,25.5333,-103.25,65.61,49,100,2.95,MX,overcast clouds,2021-12-01 03:53:49
544,Teya,60.3778,92.6267,0.36,93,95,4.45,RU,overcast clouds,2021-12-01 03:51:16
545,Margate,51.3813,1.3862,51.96,87,99,7.0,GB,overcast clouds,2021-12-01 03:53:50
546,Kincardine,56.0667,-3.7167,46.51,85,100,8.5,GB,overcast clouds,2021-12-01 03:50:26
547,Soavinandriana,-19.1667,46.7333,65.23,73,100,2.91,MG,overcast clouds,2021-12-01 03:53:51
548,Kalaiya,27.0327,85.0022,72.27,49,78,1.36,NP,broken clouds,2021-12-01 03:53:51
549,Shelburne,44.0787,-80.2041,33.67,98,98,17.22,CA,light snow,2021-12-01 03:53:29
550,Biak,-0.9131,122.8766,82.71,67,98,1.99,ID,overcast clouds,2021-12-01 03:53:52
551,Yarada,17.65,83.2667,79.12,53,4,9.22,IN,haze,2021-12-01 03:53:52
552,Dunmore East,52.1514,-6.9861,46.24,79,36,26.08,IE,scattered clouds,2021-12-01 03:53:52
553,Yinchuan,38.4681,106.2731,32.79,24,0,2.42,CN,clear sky,2021-12-01 03:53:53
554,Mineiros,-17.5694,-52.5511,69.24,93,83,3.18,BR,broken clouds,2021-12-01 03:53:53
555,Baiao,-2.7906,-49.6717,75.88,86,91,3.15,BR,overcast clouds,2021-12-01 03:53:54
556,Kerva,55.6117,39.5766,28.04,79,100,12.62,RU,overcast clouds,2021-12-01 03:53:54
557,Nantucket,41.2835,-70.0995,40.03,86,90,0.0,US,light rain,2021-12-01 03:53:54
558,Constantine,36.365,6.6147,40.41,93,20,3.44,DZ,mist,2021-12-01 03:53:55
559,Kemijarvi,66.7131,27.4306,17.22,94,100,10.89,FI,light snow,2021-12-01 03:54:55
560,Ilulissat,69.2167,-51.1,22.44,72,92,12.35,GL,overcast clouds,2021-12-01 03:54:55
561,Topolobampo,25.6,-109.05,69.06,67,69,5.64,MX,broken clouds,2021-12-01 03:54:56
562,Sibolga,1.7427,98.7792,84.11,66,40,4.63,ID,scattered clouds,2021-12-01 03:54:56
563,Loandjili,-4.7561,11.8578,77.11,94,75,3.44,CG,broken clouds,2021-12-01 03:54:57
564,Kamenka,51.3223,42.7678,33.75,91,100,5.01,RU,light rain,2021-12-01 03:54:57
565,Itanagar,27.1,93.6167,66.83,36,5,3.58,IN,clear sky,2021-12-01 03:54:58
566,Mosalsk,54.4881,34.9817,25.43,84,100,15.52,RU,overcast clouds,2021-12-01 03:54:58
567,Aktas,49.7789,72.9608,8.35,88,5,4.38,KZ,clear sky,2021-12-01 03:54:58
568,Kendari,-3.945,122.4989,91.02,54,83,1.36,ID,broken clouds,2021-12-01 03:54:59
569,Hokitika,-42.7167,170.9667,66.87,69,20,6.35,NZ,few clouds,2021-12-01 03:54:59
570,Artigas,-30.4,-56.4667,60.01,57,0,8.3,UY,clear sky,2021-12-01 03:55:00
571,Krasnoselkup,65.7,82.4667,-25.33,100,56,5.32,RU,broken clouds,2021-12-01 03:55:00
572,Tunduma,-9.3,32.7667,61.61,74,75,2.21,TZ,broken clouds,2021-12-01 03:55:01
573,Llata,-9.4167,-76.7833,52.92,93,100,1.9,PE,overcast clouds,2021-12-01 03:55:01
574,Sibiti,-3.6819,13.3499,69.21,97,100,1.1,CG,overcast clouds,2021-12-01 03:55:01
575,La Romana,18.4273,-68.9728,74.93,100,20,0.0,DO,few clouds,2021-12-01 03:55:02
576,Wairoa,-39.0333,177.3667,65.55,89,40,5.99,NZ,scattered clouds,2021-12-01 03:55:02
577,Kalabo,-14.97,22.6814,70.43,44,94,4.76,ZM,overcast clouds,2021-12-01 03:55:03
578,Kasama,-10.2129,31.1808,66.07,69,57,3.53,ZM,broken clouds,2021-12-01 03:55:03
579,Massaguet,12.4755,15.4365,75.24,23,38,14.5,TD,scattered clouds,2021-12-01 03:55:03
580,Golspie,57.9727,-3.978,45.37,92,100,12.08,GB,light rain,2021-12-01 03:55:04
581,Qandala,11.472,49.8728,76.89,46,1,2.59,SO,clear sky,2021-12-01 03:55:04
582,Astoria,46.1879,-123.8313,54.86,96,100,5.99,US,overcast clouds,2021-12-01 03:55:05
583,Penzance,50.1186,-5.5371,50.77,81,35,31.27,GB,scattered clouds,2021-12-01 03:55:05
584,Oistins,13.0667,-59.5333,78.89,94,75,20.71,BB,broken clouds,2021-12-01 03:55:05
585,Finnsnes,69.2296,17.9811,11.34,94,12,5.35,NO,few clouds,2021-12-01 03:55:06
586,Kununurra,-15.7667,128.7333,103.98,17,12,6.91,AU,few clouds,2021-12-01 03:55:06
587,Poum,-20.2333,164.0167,81.82,77,12,8.72,NC,few clouds,2021-12-01 03:55:07
588,Kuryk,43.2,51.65,55.74,81,0,26.84,KZ,clear sky,2021-12-01 03:55:07
589,San Ramon,37.7799,-121.978,63.77,59,1,5.75,US,clear sky,2021-12-01 03:52:04
590,Ketchikan,55.3422,-131.6461,42.28,84,100,13.04,US,light rain,2021-12-01 03:55:08
591,Halifax,44.6453,-63.5724,32.05,82,48,1.99,CA,scattered clouds,2021-12-01 03:53:57
592,Slyudyanka,51.6594,103.7061,32.99,70,42,8.1,RU,scattered clouds,2021-12-01 03:55:08
593,Black River,18.0264,-77.8487,77.0,86,100,5.06,JM,overcast clouds,2021-12-01 03:55:09
594,Yuanping,38.7153,112.7575,33.4,23,8,0.92,CN,clear sky,2021-12-01 03:55:09
595,Vanimo,-2.6741,141.3028,78.8,86,100,4.36,PG,overcast clouds,2021-12-01 03:54:03
596,Dandong,40.1292,124.3947,28.99,46,29,16.6,CN,scattered clouds,2021-12-01 03:55:10
597,Vieques,18.425,-65.8329,80.64,74,40,12.66,PR,scattered clouds,2021-12-01 03:55:10
598,Winnemucca,40.973,-117.7357,32.05,64,1,5.75,US,clear sky,2021-12-01 03:55:10
599,Brae,60.3964,-1.353,35.51,63,90,16.02,GB,overcast clouds,2021-12-01 03:55:11
600,San Juan De La Maguana,18.8059,-71.2299,69.28,88,56,3.74,DO,broken clouds,2021-12-01 03:55:11
601,Petropavlovsk-Kamchatskiy,53.0452,158.6483,18.19,68,75,4.47,RU,broken clouds,2021-12-01 03:55:12
602,Victor Harbor,-35.5667,138.6167,91.18,73,27,3.0,AU,scattered clouds,2021-12-01 03:55:12
603,Honningsvag,70.9821,25.9704,32.54,66,100,22.66,NO,light snow,2021-12-01 03:55:12
604,Qingyuan,23.7,113.0333,64.38,35,10,9.44,CN,clear sky,2021-12-01 03:55:13
605,Vrangel,42.7297,133.0839,23.49,61,98,25.14,RU,overcast clouds,2021-12-01 03:55:13
606,Mopti,14.6667,-4.0,68.04,68,0,0.0,ML,clear sky,2021-12-01 03:55:13
607,Jati,24.3539,68.2671,74.59,19,5,14.05,PK,clear sky,2021-12-01 03:55:14
608,Vernon,50.2581,-119.2691,48.61,82,100,9.22,CA,overcast clouds,2021-12-01 03:50:42
609,Kaseda,31.4167,130.3167,52.84,64,98,28.83,JP,overcast clouds,2021-12-01 03:55:14
610,Ostersund,63.1792,14.6357,13.6,92,90,2.3,SE,overcast clouds,2021-12-01 03:52:30
611,Nisia Floresta,-6.0911,-35.2086,80.98,85,76,7.38,BR,broken clouds,2021-12-01 03:55:15
612,Vallenar,-28.5708,-70.7581,64.45,61,0,2.59,CL,clear sky,2021-12-01 03:55:15
613,Labuhan,-6.8844,112.2051,85.48,69,81,8.93,ID,light rain,2021-12-01 03:54:55
614,Thinadhoo,0.5333,72.9333,82.24,74,92,7.02,MV,overcast clouds,2021-12-01 03:55:16
615,Margherita,27.2833,95.6833,69.28,44,6,3.27,IN,clear sky,2021-12-01 03:55:16
616,Lazaro Cardenas,17.9583,-102.2,77.25,83,82,4.5,MX,broken clouds,2021-12-01 03:55:17
617,Inta,66.0317,60.1659,10.85,82,100,25.79,RU,light snow,2021-12-01 03:55:17
618,Pahrump,36.2083,-115.9839,66.06,22,0,1.01,US,clear sky,2021-12-01 03:52:02
619,Gushikawa,26.3544,127.8686,67.62,46,75,19.57,JP,broken clouds,2021-12-01 03:55:18
620,Sompeta,18.9333,84.6,75.7,56,19,7.61,IN,few clouds,2021-12-01 03:55:18
621,Ucluelet,48.9329,-125.5528,54.09,94,100,1.01,CA,overcast clouds,2021-12-01 03:50:26
622,Plainview,40.7765,-73.4673,42.51,65,41,1.99,US,scattered clouds,2021-12-01 03:55:19
623,Dhidhdhoo,6.8833,73.1,82.02,77,82,10.69,MV,broken clouds,2021-12-01 03:50:46
624,Nuevitas,21.5453,-77.2644,74.41,76,25,9.86,CU,scattered clouds,2021-12-01 03:55:19
625,Navolato,24.7672,-107.6944,73.63,83,89,5.61,MX,overcast clouds,2021-12-01 03:55:19
626,Vygonichi,53.0985,34.0673,26.71,80,0,8.95,RU,clear sky,2021-12-01 03:55:20
627,Bell Ville,-32.6259,-62.6887,65.8,49,99,4.23,AR,light rain,2021-12-01 03:55:20
628,Bokoro,12.3807,17.0568,75.4,25,6,11.72,TD,clear sky,2021-12-01 03:55:21
629,Amboasary,-25.0333,46.3833,76.84,68,0,3.83,MG,clear sky,2021-12-01 03:55:21
630,Pishva,35.308,51.7267,56.41,50,100,2.89,IR,overcast clouds,2021-12-01 03:55:22
631,Bowen,-20.0167,148.2333,88.02,69,13,12.37,AU,few clouds,2021-12-01 03:55:22
632,Tahoua,14.8888,5.2692,70.09,23,28,13.33,NE,scattered clouds,2021-12-01 03:55:23
633,Tunceli,39.1083,39.5471,46.89,91,85,3.0,TR,light rain,2021-12-01 03:55:23
634,Zhangye,38.9342,100.4517,28.87,36,43,1.95,CN,scattered clouds,2021-12-01 03:55:23
635,Quatre Cocos,-20.2078,57.7625,81.09,67,21,12.28,MU,few clouds,2021-12-01 03:53:34
636,Lubbock,33.6001,-101.8338,50.14,52,78,1.01,US,broken clouds,2021-12-01 03:55:24
637,Salinopolis,-0.6136,-47.3561,80.85,80,100,10.27,BR,overcast clouds,2021-12-01 03:55:24
638,Coxim,-18.5067,-54.76,77.25,85,100,1.59,BR,overcast clouds,2021-12-01 03:55:25
639,Rabo De Peixe,37.8,-25.5833,62.28,96,75,10.36,PT,broken clouds,2021-12-01 03:55:25
640,Kotri,25.366,68.3122,72.79,18,0,12.15,PK,clear sky,2021-12-01 03:55:25
641,Norden,53.6,7.2,49.98,97,100,3.0,DE,overcast clouds,2021-12-01 03:55:26
642,Lincoln,40.8,-96.667,47.98,68,96,1.99,US,overcast clouds,2021-12-01 03:54:59
643,Gao,16.6362,1.637,71.06,15,92,13.09,ML,overcast clouds,2021-12-01 03:55:26
644,Nsanje,-16.92,35.262,71.28,78,0,3.94,MW,clear sky,2021-12-01 03:55:27
645,Lamu,-2.2717,40.902,73.62,81,97,5.73,KE,overcast clouds,2021-12-01 03:55:27
646,Petersburg,37.2279,-77.4019,49.68,56,1,4.61,US,clear sky,2021-12-01 03:55:28
647,Epe,6.5841,3.9834,75.94,94,100,2.35,NG,overcast clouds,2021-12-01 03:55:28
648,Umm Lajj,25.0213,37.2685,78.91,37,71,5.03,SA,broken clouds,2021-12-01 03:55:28
649,Kiama,-34.6833,150.8667,80.08,72,55,5.99,AU,broken clouds,2021-12-01 03:55:29
650,Roswell,34.0232,-84.3616,50.95,81,20,0.0,US,few clouds,2021-12-01 03:55:05
651,Santa Catalina,9.3337,122.8637,86.29,68,77,1.28,PH,broken clouds,2021-12-01 03:55:29
652,Ca Mau,9.1769,105.15,82.89,72,100,14.05,VN,overcast clouds,2021-12-01 03:55:30
653,Juegang,32.3174,121.1855,45.34,55,33,14.56,CN,scattered clouds,2021-12-01 03:56:30
654,Mehran,33.1222,46.1646,65.68,37,100,9.98,IR,overcast clouds,2021-12-01 03:56:31
655,Handan,36.6006,114.4678,46.53,25,52,5.59,CN,broken clouds,2021-12-01 03:56:31
656,Pochutla,15.7432,-96.4661,73.89,75,8,3.42,MX,clear sky,2021-12-01 03:56:31
657,General Pico,-35.6566,-63.7568,61.0,53,80,8.41,AR,broken clouds,2021-12-01 03:56:10
658,Mulchen,-37.7167,-72.2333,51.6,65,0,2.01,CL,clear sky,2021-12-01 03:56:32
659,Shahr-E Kord,32.3256,50.8644,44.02,47,45,5.35,IR,scattered clouds,2021-12-01 03:56:32
660,Chuguyevka,44.1653,133.8633,11.43,93,100,16.24,RU,light snow,2021-12-01 03:56:33
661,Hoquiam,46.9809,-123.8893,54.46,99,100,5.01,US,moderate rain,2021-12-01 03:52:12
662,Treinta Y Tres,-33.2333,-54.3833,60.66,92,31,7.05,UY,scattered clouds,2021-12-01 03:56:33
663,Mogzon,51.7435,111.9606,25.23,57,45,15.57,RU,scattered clouds,2021-12-01 03:56:33
664,Kerema,-7.9631,145.7785,84.47,76,43,9.17,PG,scattered clouds,2021-12-01 03:56:34
665,Quepos,9.4236,-84.1652,79.9,84,64,4.23,CR,broken clouds,2021-12-01 03:56:34
666,Asfi,32.2994,-9.2372,57.69,78,99,10.8,MA,overcast clouds,2021-12-01 03:55:01
667,Udachnyy,66.4167,112.4,-16.28,97,100,3.62,RU,overcast clouds,2021-12-01 03:56:35
668,Warri,5.5167,5.75,76.26,91,56,2.19,NG,broken clouds,2021-12-01 03:56:35
669,South Venice,27.0531,-82.4243,60.98,80,1,6.91,US,clear sky,2021-12-01 03:56:35
670,Lixourion,38.2019,20.4314,52.68,56,6,14.58,GR,clear sky,2021-12-01 03:56:36
671,Knysna,-34.0363,23.0471,61.18,79,51,4.36,ZA,broken clouds,2021-12-01 03:56:36
672,Qui Nhon,13.7667,109.2333,76.57,77,100,23.71,VN,overcast clouds,2021-12-01 03:56:36
673,Roald,62.5833,6.1333,33.94,80,75,4.61,NO,light snow,2021-12-01 03:56:37
674,Vila,42.0304,-8.1588,42.33,94,100,3.74,PT,overcast clouds,2021-12-01 03:56:37
675,Ouadda,8.0777,22.4007,68.02,84,84,3.24,CF,broken clouds,2021-12-01 03:56:37
